task_id,source_issue_id,workstream,priority,release_gate,task_type,scope_class,applies_to_17234f7,added_in_reconciliation,task_title,problem_rationale,required_implementation,acceptance_criteria,evidence_anchor,evidence_url,owner_role,phase,effort,dependencies,uat_case_ids,status,progress_pct,target_sprint,due_date,origin,notes_decision
COMFY-001,COMFY-001,Comfy Picker,P1,Yes,Comfy Integration,Confirmed state-truth defect,Yes,No,"Separate selected, loading, and loadedWorkflow IDs","The picker can display a selected workflow before that graph has been loaded into the iframe, and success is announced without a bridge acknowledgement that the graph actually loaded. The label and canvas can disagree. A user can edit or queue the wrong graph while believing the selected workflow is active.","Separate selected, loading, and loadedWorkflow IDs. Auto-load deliberately or show 'not loaded'. Require an explicit iframe bridge ACK containing workflow ID/hash before success.",The toolbar never claims workflow X is loaded unless the iframe returns an ACK for X; initial state is unambiguous.,"client/src/components/ComfyUIWorkspace.tsx — initial picker state, loadWorkflow/injectGraph, URL fallback and success notice",https://github.com/tj1784/Premiere316_AI_Director_Prototype_v2.0.0/blob/17234f7bcc9687d12afa23fbb88c6eff5be7e2a9/client/src/components/ComfyUIWorkspace.tsx,Comfy Integration + Frontend,G1 — State truth & silent loss,L,,"UAT-COMFY-001,UAT-COMFY-002",Done,100,,,Existing 74-item source audit,Implemented 2026-08-22: selected/loading/loaded keys; ACK required
COMFY-002,COMFY-002,Comfy Picker,P1,Yes,Comfy Integration,Confirmed missing concurrency/dirty-state control,Yes,No,"Abort or ignore stale loads, serialize bridge application, track canvas dirty state, and require discard/save confirmation","Rapid workflow changes are not cancellation- or sequence-token-protected, and loading another workflow does not confirm unsaved graph edits. An older request can overwrite a newer selection, and local graph work can be destroyed without warning.","Abort or ignore stale loads, serialize bridge application, track canvas dirty state, and require discard/save confirmation.","In a 20-change rapid-selection test, only the final workflow loads. Modified graphs cannot be replaced without an explicit user decision.",client/src/components/ComfyUIWorkspace.tsx — loadWorkflow request lifecycle and option change handling,https://github.com/tj1784/Premiere316_AI_Director_Prototype_v2.0.0/blob/17234f7bcc9687d12afa23fbb88c6eff5be7e2a9/client/src/components/ComfyUIWorkspace.tsx,Comfy Integration + Frontend,G1 — State truth & silent loss,L,,"UAT-COMFY-003,UAT-COMFY-004",Done,100,,,Existing 74-item source audit,Implemented 2026-08-22: Request tokens + confirm before replacing loaded graph
COMFY-003,COMFY-003,Comfy Picker / Packaging,P1,Yes,Comfy Integration,Confirmed reproducibility defect,Yes,No,"Package supported workflow JSON in a tracked product directory with a manifest/version/hash, or provide a deterministic installer/import step and a first-run missing-library state","The server scans BlokeyUI/ComfyUI/user/default/workflows, but BlokeyUI explicitly ignores **/user/default/workflows/ and those local workflow files were not committed. 17234f7 alone cannot reproduce the developer's picker inventory. Clean machines can show a partial/empty library or resolve different graphs.","Package supported workflow JSON in a tracked product directory with a manifest/version/hash, or provide a deterministic installer/import step and a first-run missing-library state.","A clean recursive clone produces the same supported picker inventory and graph hashes as the release machine, or clearly blocks with actionable setup.",server/aaa-workflow.js — WORKFLOW_ROOT; root .gitmodules; BlokeyUI .gitignore; pinned BlokeyUI tree,"https://github.com/tj1784/Premiere316_AI_Director_Prototype_v2.0.0/blob/17234f7bcc9687d12afa23fbb88c6eff5be7e2a9/server/aaa-workflow.js
https://github.com/tj1784/Premiere316_AI_Director_Prototype_v2.0.0/blob/17234f7bcc9687d12afa23fbb88c6eff5be7e2a9/.gitmodules
https://github.com/tj1784/BlokeyUI/blob/ec80ff135127e324c804d2c60036e8672b3272b4/.gitignore",Comfy Integration + Frontend,G1 — State truth & silent loss,L,,"UAT-COMFY-005,UAT-COMFY-006,UAT-REG-005",Done,100,,,Existing 74-item source audit,Implemented 2026-08-22: workflows/manifest.json packaged inventory + missing-library state
IMP-001,IMP-001,Sequence / Folder Drop,P1,Yes,Import / Reliability,Confirmed code defect,Yes,No,"Return a structured result for every file: imported, duplicate, unsupported, oversized, failed","Per-file import failures are swallowed, and completion messaging reports only the imported count without a failed/rejected count, reason list, or retry. Users can believe a folder was handled successfully while assets are missing. This is especially dangerous in large production drops.","Return a structured result for every file: imported, duplicate, unsupported, oversized, failed. Present a persistent summary and retryable failure list.","A mixed 20-file drop reports scanned/imported/skipped/failed totals that add up exactly to 20, with reason and retry for each failure.",client/src/components/SequenceEditorWorkspace.tsx — importDroppedMedia per-file empty catch and summary notice,https://github.com/tj1784/Premiere316_AI_Director_Prototype_v2.0.0/blob/17234f7bcc9687d12afa23fbb88c6eff5be7e2a9/client/src/components/SequenceEditorWorkspace.tsx,Full Stack,G1 — State truth & silent loss,L,,"UAT-DROP-001,UAT-DROP-002,UAT-DROP-014",Done,100,,,Existing 74-item source audit,Implemented 2026-08-22: Structured per-file results + report + retry
IMP-002,IMP-002,Sequence / Folder Drop,P1,Yes,Import / Reliability,Confirmed cross-layer contract defect,Yes,No,Create one shared media-type contract,"The client accepts image extensions but never categorizes/imports them, and accepts AVI while the server rejects AVI. Images disappear silently and AVI produces a hidden failure. The drop-zone promise is not truthful.",Create one shared media-type contract. Import images into a defined bin/workflow or reject them visibly. Align AVI support on both layers.,Every advertised extension has an end-to-end test and a visible deterministic result; no accepted file vanishes silently.,client/src/components/SequenceEditorWorkspace.tsx — extension allowlist/classification; server/sequence-editor.js — server extension validation,"https://github.com/tj1784/Premiere316_AI_Director_Prototype_v2.0.0/blob/17234f7bcc9687d12afa23fbb88c6eff5be7e2a9/client/src/components/SequenceEditorWorkspace.tsx
https://github.com/tj1784/Premiere316_AI_Director_Prototype_v2.0.0/blob/17234f7bcc9687d12afa23fbb88c6eff5be7e2a9/server/sequence-editor.js",Full Stack,G1 — State truth & silent loss,L,,UAT-DROP-004,Done,100,,,Existing 74-item source audit,Implemented 2026-08-22: shared/media-types.js; images rejected; AVI on both layers
IMP-018,IMP-018,Sequence / Folder Drop,P1,Yes,Defect,Confirmed code defect,Yes,Yes,"Wrap traversal and import in one try/catch/finally operation, preserve the busy state from scan start, and return a structured traversal failure summary",Folder traversal is launched with a promise chain that has no top-level catch or user-facing failure path. A permission/traversal error can become an unhandled rejection and leave the drop operation with no result or recovery.,"Wrap traversal and import in one try/catch/finally operation, preserve the busy state from scan start, and return a structured traversal failure summary.",A forced directory-reader rejection produces a visible failed import job with exact reason and Retry/Choose folder actions; no unhandled rejection appears.,client/src/components/SequenceEditorWorkspace.tsx — onFolderDrop/filesFromDataTransfer promise chain,https://github.com/tj1784/Premiere316_AI_Director_Prototype_v2.0.0/blob/17234f7bcc9687d12afa23fbb88c6eff5be7e2a9/client/src/components/SequenceEditorWorkspace.tsx,Frontend,G1 — State truth & silent loss,M,IMP-001,UAT-DROP-022,Done,100,,,Reconciliation source review,Implemented 2026-08-22: Scan/import wrapped in try/catch/finally
TAKE-001,TAKE-001,Sequence / Takes,P1,Yes,Takes / UX,Confirmed regression against parent commit,Yes,No,"Restore Active, Latest/segment, and All; default to Active; add regression tests for item membership and default state","Latest/segment filtering was removed from the visible controls, its remaining branch is a no-op, and the default filter changed from Active to All. The take bin becomes noisier and the fastest segment-review path disappears in the very commit advertised as improving takes.","Restore Active, Latest/segment, and All; default to Active; add regression tests for item membership and default state.","Latest/segment shows only the newest eligible take for the selected segment, Active remains default, and All is an explicit opt-in.","client/src/components/SequenceEditorWorkspace.tsx at parent 680f18c versus 17234f7 — takeFilter state, visibleMedia filter, rendered filter buttons",https://github.com/tj1784/Premiere316_AI_Director_Prototype_v2.0.0/blob/17234f7bcc9687d12afa23fbb88c6eff5be7e2a9/client/src/components/SequenceEditorWorkspace.tsx,Product + Frontend,G1 — State truth & silent loss,L,,"UAT-TAKE-001,UAT-TAKE-002,UAT-TAKE-003,UAT-REG-001",Done,100,,,Existing 74-item source audit,Implemented 2026-08-22: Restored Active/Latest/All; default Active; unit tests
COMFY-004,COMFY-004,Comfy Picker,P2,Conditional,Comfy Integration,Confirmed HTTP handling defect,Yes,No,Validate status and retain per-source error diagnostics,Workflow-list responses are parsed as JSON without checking response.ok. HTTP errors collapse into confusing loading/empty behavior.,Validate status and retain per-source error diagnostics.,404/500/invalid JSON each produce source-specific actionable states.,ComfyUIWorkspace Promise.all list requests,https://github.com/tj1784/Premiere316_AI_Director_Prototype_v2.0.0/commit/17234f7bcc9687d12afa23fbb88c6eff5be7e2a9,Comfy Integration + Frontend,G1 — State truth & silent loss,M,COMFY-001,UAT-COMFY-007,Done,100,,,Existing 74-item source audit,Implemented 2026-08-22: response.ok + per-source errors
COMFY-005,COMFY-005,Comfy Picker,P2,Conditional,Comfy Integration,Confirmed state-model weakness,Yes,No,Use an explicit state machine and retry control,"Loading, empty, partial, and error states are not cleanly distinguished; 'Loading workflows…' can persist indefinitely. Users cannot tell whether to wait, repair setup, or retry.",Use an explicit state machine and retry control.,"Every request terminates in loaded, partial, empty, or error with a next action.",Comfy workflow-list state/render logic,https://github.com/tj1784/Premiere316_AI_Director_Prototype_v2.0.0/commit/17234f7bcc9687d12afa23fbb88c6eff5be7e2a9,Comfy Integration + Frontend,G1 — State truth & silent loss,M,COMFY-001,"UAT-COMFY-006,UAT-COMFY-007,UAT-COMFY-014,UAT-COMFY-015",Done,100,,,Existing 74-item source audit,Implemented 2026-08-22: loaded/partial/empty/error list states
COMFY-006,COMFY-006,Comfy Picker,P2,Conditional,Comfy Integration,Confirmed UI contract defect,Yes,No,Disable or clearly mark unavailable entries with remediation,Catalog readiness is captured but options are not disabled when unready. Users can select workflows known not to be runnable.,Disable or clearly mark unavailable entries with remediation.,Unavailable workflows cannot produce false load success.,Comfy option rendering disabled={false},https://github.com/tj1784/Premiere316_AI_Director_Prototype_v2.0.0/commit/17234f7bcc9687d12afa23fbb88c6eff5be7e2a9,Comfy Integration + Frontend,G1 — State truth & silent loss,M,COMFY-001,UAT-COMFY-019,Done,100,,,Existing 74-item source audit,Implemented 2026-08-22: Unready catalog options disabled
COMFY-008,COMFY-008,Comfy Picker,P2,Conditional,Comfy Integration,Confirmed provenance ambiguity,Yes,No,"Normalize IDs, show source/version/hash, and define deterministic precedence","Catalog, local-library, and packaged variants can represent the same logical workflow without clear de-duplication or source identity. Users can load a different graph than expected and cannot explain machine-to-machine differences.","Normalize IDs, show source/version/hash, and define deterministic precedence.",Every option maps to one visible immutable graph identity.,Workflow list merge and option labeling,https://github.com/tj1784/Premiere316_AI_Director_Prototype_v2.0.0/commit/17234f7bcc9687d12afa23fbb88c6eff5be7e2a9,Comfy Integration + Frontend,G1 — State truth & silent loss,M,"COMFY-001,COMFY-003",UAT-COMFY-020,Not Started,0,,,Existing 74-item source audit,
COMFY-015,COMFY-015,Comfy Picker,P2,Conditional,Comfy Integration,Interaction gap,Yes,No,Add explicit Reload selected workflow,"Selecting the already-selected workflow may not force a reload, especially when the fallback URL does not change. Users cannot recover a modified/broken canvas from the picker.",Add explicit Reload selected workflow.,Reload deterministically restores the selected graph after confirmation.,Select change and URL fallback behavior,https://github.com/tj1784/Premiere316_AI_Director_Prototype_v2.0.0/commit/17234f7bcc9687d12afa23fbb88c6eff5be7e2a9,Comfy Integration + Frontend,G1 — State truth & silent loss,M,COMFY-001,"UAT-COMFY-017,UAT-COMFY-021",Done,100,,,Existing 74-item source audit,Implemented 2026-08-22: Reload selected workflow
COMFY-016,COMFY-016,Comfy Picker,P2,Conditional,Comfy Integration,Context/default mismatch,Yes,No,Show recommended default and prompt to switch when context changes,Changing asset context can preserve any currently valid workflow rather than switching or clearly offering the asset default. A workflow suitable for the prior asset can remain active for the new one.,Show recommended default and prompt to switch when context changes.,Context changes cannot silently leave an incompatible workflow presented as appropriate.,Asset/default selection effect logic,https://github.com/tj1784/Premiere316_AI_Director_Prototype_v2.0.0/commit/17234f7bcc9687d12afa23fbb88c6eff5be7e2a9,Comfy Integration + Frontend,G1 — State truth & silent loss,M,COMFY-001,UAT-COMFY-018,Not Started,0,,,Existing 74-item source audit,
COMFY-011,COMFY-011,Comfy Picker / Iframe,P2,Conditional,Comfy Integration,Confirmed exception-boundary defect,Yes,No,Move all iframe access inside guarded bridge code and treat cross-origin as a first-class state,Some contentWindow/contentDocument accesses occur before the protecting try/catch. Cross-origin or browser-security errors can escape and prevent fallback/error handling.,Move all iframe access inside guarded bridge code and treat cross-origin as a first-class state.,"A deliberately cross-origin iframe yields a controlled error, not an unhandled exception.",ComfyUIWorkspace injectGraph and queueVisibleWorkflow,https://github.com/tj1784/Premiere316_AI_Director_Prototype_v2.0.0/commit/17234f7bcc9687d12afa23fbb88c6eff5be7e2a9,Comfy Integration + Frontend,G1 — State truth & silent loss,M,COMFY-001,UAT-COMFY-011,Done,100,,,Existing 74-item source audit,Implemented 2026-08-22: All iframe access guarded
COMFY-013,COMFY-013,Comfy Picker / Iframe,P2,Conditional,Comfy Integration,Confirmed stale-state risk,Yes,No,Derive or synchronize iframe source from authoritative health/config state,embedSrc is initialized from health data but does not clearly resynchronize when the configured Comfy URL changes. Toolbar status and iframe destination can disagree after restart/reconfiguration.,Derive or synchronize iframe source from authoritative health/config state.,Changing engine profile updates status and iframe to the same endpoint.,ComfyUIWorkspace embedSrc initialization/update flow,https://github.com/tj1784/Premiere316_AI_Director_Prototype_v2.0.0/commit/17234f7bcc9687d12afa23fbb88c6eff5be7e2a9,Comfy Integration + Frontend,G1 — State truth & silent loss,M,COMFY-001,UAT-COMFY-016,Not Started,0,,,Existing 74-item source audit,
COMFY-014,COMFY-014,Comfy Picker / Iframe,P2,Conditional,Comfy Integration,Confirmed recovery gap,Yes,No,"Add timeout, offline/error panel, restart/retry actions, and preserve context","No explicit iframe load timeout, error state, or retry is provided. A hung engine leaves a blank or indefinite embedded surface.","Add timeout, offline/error panel, restart/retry actions, and preserve context.","Offline, refused, and hung states each resolve to an actionable panel.",Comfy iframe event handling,https://github.com/tj1784/Premiere316_AI_Director_Prototype_v2.0.0/commit/17234f7bcc9687d12afa23fbb88c6eff5be7e2a9,Comfy Integration + Frontend,G1 — State truth & silent loss,M,COMFY-001,"UAT-COMFY-014,UAT-COMFY-015",Not Started,0,,,Existing 74-item source audit,
COMFY-018,COMFY-018,Comfy Picker / Iframe,P2,Conditional,Comfy Integration,Integration fragility,Yes,No,Introduce a versioned extension/bridge owned by Premiere316 with capability negotiation,Graph loading depends on private Comfy globals such as app/comfyApp and private methods. A ComfyUI update can break loading without a compile-time or contract warning.,Introduce a versioned extension/bridge owned by Premiere316 with capability negotiation.,Unsupported bridge versions fail closed with remediation.,ComfyUIWorkspace injectGraph,https://github.com/tj1784/Premiere316_AI_Director_Prototype_v2.0.0/commit/17234f7bcc9687d12afa23fbb88c6eff5be7e2a9,Comfy Integration + Frontend,G1 — State truth & silent loss,M,COMFY-001,UAT-COMFY-011,Not Started,0,,,Existing 74-item source audit,
COMFY-019,COMFY-019,Comfy Picker / Iframe,P2,Conditional,Comfy Integration,Confirmed async-state defect,Yes,No,Await bridge completion and handle rejection,Potentially asynchronous graph-load methods are not awaited before success is shown. The toolbar can report success while loading later fails.,Await bridge completion and handle rejection.,"Success is emitted only after graph parse, apply, and canvas-ready acknowledgement.",ComfyUIWorkspace injectGraph invocation,https://github.com/tj1784/Premiere316_AI_Director_Prototype_v2.0.0/commit/17234f7bcc9687d12afa23fbb88c6eff5be7e2a9,Comfy Integration + Frontend,G1 — State truth & silent loss,M,COMFY-001,"UAT-COMFY-002,UAT-COMFY-008",Done,100,,,Existing 74-item source audit,Implemented 2026-08-22: Await loadGraphData before success
COMFY-012,COMFY-012,Comfy Picker / Queue,P2,Conditional,Comfy Integration,Confirmed brittle integration,Yes,No,Queue through a versioned API/bridge and return prompt/job ID,"Queueing can scrape iframe DOM text and click a visible Queue control, then report success without job/prompt acknowledgement. UI changes, localization, or delayed queue failure can create false success.",Queue through a versioned API/bridge and return prompt/job ID.,Success is shown only after an accepted prompt ID is returned.,ComfyUIWorkspace queueVisibleWorkflow,https://github.com/tj1784/Premiere316_AI_Director_Prototype_v2.0.0/commit/17234f7bcc9687d12afa23fbb88c6eff5be7e2a9,Comfy Integration + Frontend,G1 — State truth & silent loss,M,"COMFY-001,COMFY-002","UAT-COMFY-012,UAT-COMFY-013",Not Started,0,,,Existing 74-item source audit,
COMFY-010,COMFY-010,Comfy Picker / Server,P2,Conditional,Comfy Integration,Confirmed resolution ambiguity,Yes,No,Use manifest-backed exact IDs; reject ambiguous matches,Fuzzy substring graph matching can choose an unintended file when IDs overlap. The wrong workflow can load while the picker label appears correct.,Use manifest-backed exact IDs; reject ambiguous matches.,Overlapping-name fixtures either resolve exactly or return an explicit ambiguity error.,server/aaa-workflow.js findPackageWorkflow/readWorkflowGraph fallback order,https://github.com/tj1784/Premiere316_AI_Director_Prototype_v2.0.0/blob/17234f7bcc9687d12afa23fbb88c6eff5be7e2a9/server/aaa-workflow.js,Backend + Comfy Integration,G1 — State truth & silent loss,M,COMFY-003,UAT-COMFY-009,Done,100,,,Existing 74-item source audit,Implemented 2026-08-22: Exact IDs; ambiguous matches 409
IMP-015,IMP-015,Sequence / Folder Drop,P2,Conditional,Import / Reliability,Confirmed silent no-op,Yes,No,Always report scanned and rejected totals/reasons,A drop containing only unsupported files can return without actionable feedback. Users do not know whether the drop was seen.,Always report scanned and rejected totals/reasons.,Unsupported-only drops produce a persistent explanatory result.,eligible-file filtering and early return,https://github.com/tj1784/Premiere316_AI_Director_Prototype_v2.0.0/commit/17234f7bcc9687d12afa23fbb88c6eff5be7e2a9,Full Stack,G1 — State truth & silent loss,M,,UAT-DROP-002,Done,100,,,Existing 74-item source audit,Implemented 2026-08-22: Unsupported-only drops produce a persistent report
IMP-016,IMP-016,Sequence / Folder Drop,P2,Conditional,Import / Reliability,Confirmed recovery gap,Yes,No,Retain a session result object with retry/export,There is no failed-only retry or exportable error list. Users must re-drop entire folders and risk more duplicates.,Retain a session result object with retry/export.,Retry failed reprocesses only failed items.,Import result UI,https://github.com/tj1784/Premiere316_AI_Director_Prototype_v2.0.0/commit/17234f7bcc9687d12afa23fbb88c6eff5be7e2a9,Full Stack,G1 — State truth & silent loss,M,IMP-001,UAT-DROP-014,Not Started,0,,,Existing 74-item source audit,
IMP-023,IMP-023,Sequence / Folder Drop,P2,Conditional,Product / Reliability,Behavior contract missing,Yes,Yes,"Define and implement a deterministic policy: keep preview playing with non-blocking import, or pause with explanation; never allow import to bypass an unresolved edit conflict","The product does not define what happens when a folder is dropped while the sequence is playing, autosaving, or in a revision-conflict state. Playback, selection, save state, and import feedback can compete, making the result difficult to understand or reproduce.","Define and implement a deterministic policy: keep preview playing with non-blocking import, or pause with explanation; never allow import to bypass an unresolved edit conflict.","Dropping during playback and during a save conflict produces the documented state with no lost edit, duplicated action, or hidden media failure.",Sequence editor import and transport state are independent,https://github.com/tj1784/Premiere316_AI_Director_Prototype_v2.0.0/commit/17234f7bcc9687d12afa23fbb88c6eff5be7e2a9,Product + Frontend,G1 — State truth & silent loss,M,,UAT-DROP-027,Not Started,0,,,User QA plan,
SCOPE-006,SCOPE-006,Product Scope / BlokeyUI Boundary,P3,Conditional,Scope / Release,Scope clarification,Yes,Yes,"Keep BlokeyUI code/UI out of the audit, but require a tracked workflow manifest or deterministic import contract at the Premiere316 boundary","BlokeyUI implementation details are out of scope, but the released picker still depends on a workflow path inside that local tree. Ignoring the dependency contract would leave clean-clone reproducibility unresolved even while respecting the implementation boundary.","Keep BlokeyUI code/UI out of the audit, but require a tracked workflow manifest or deterministic import contract at the Premiere316 boundary.",The release can be reproduced without reviewing or modifying private/local BlokeyUI internals.,User scope statement and COMFY-003,https://github.com/tj1784/Premiere316_AI_Director_Prototype_v2.0.0/commit/17234f7bcc9687d12afa23fbb88c6eff5be7e2a9,Architecture + Release,G1 — State truth & silent loss,S,COMFY-003,,Done,100,,,Reconciliation scope correction,Implemented 2026-08-22: ADR 0001 + packaged manifest
SEQ-AUD-001,SEQ-AUD-001,Sequence / Audio,P1,Yes,Audio / Media Engine,Confirmed code defect,Yes,No,"Use Web Audio GainNode or another path that supports gain above unity, or remove positive gain from the UI/export contract","Preview gain converts dB to linear gain and clamps it to 0–1, while the editor/export path permits positive gain up to +12 dB. Preview and export do not match. A +12 dB clip previews at unity but exports at roughly 3.98× linear gain, creating surprise loudness or clipping.","Use Web Audio GainNode or another path that supports gain above unity, or remove positive gain from the UI/export contract.","For -24, -12, 0, +6, and +12 dB, preview and exported integrated/peak levels agree within 0.5 dB.",client/src/components/SequenceEditorWorkspace.tsx — dB gain clamp; server/ffmpeg.js — export volume application,"https://github.com/tj1784/Premiere316_AI_Director_Prototype_v2.0.0/blob/17234f7bcc9687d12afa23fbb88c6eff5be7e2a9/client/src/components/SequenceEditorWorkspace.tsx
https://github.com/tj1784/Premiere316_AI_Director_Prototype_v2.0.0/blob/17234f7bcc9687d12afa23fbb88c6eff5be7e2a9/server/ffmpeg.js",Media Engine,G2 — Playback/import architecture,XL,,"UAT-PLAY-004,UAT-PLAY-014",In Progress,70,,,Existing 74-item source audit,Implemented 2026-08-22: Preview GainNode not clamped; measured export parity still open
IMP-003,IMP-003,Sequence / Folder Drop,P1,Yes,Import / Reliability,Confirmed server architecture risk,Yes,No,"Stream multipart data directly to a staging file, validate while streaming, atomically rename, expose progress, and make limits explicit in the UI","Large uploads use in-memory multipart buffering and synchronous disk writes, with very large configured limits. Large AI-video imports can spike process memory, block the event loop, freeze the UI/API, or terminate the server.","Stream multipart data directly to a staging file, validate while streaming, atomically rename, expose progress, and make limits explicit in the UI.",Importing files near the configured limit does not cause a material event-loop stall or memory spike proportional to full file size.,server/index.js — multer memory storage/limits and import routes; server/sequence-editor.js — synchronous writes,"https://github.com/tj1784/Premiere316_AI_Director_Prototype_v2.0.0/blob/17234f7bcc9687d12afa23fbb88c6eff5be7e2a9/server/index.js
https://github.com/tj1784/Premiere316_AI_Director_Prototype_v2.0.0/blob/17234f7bcc9687d12afa23fbb88c6eff5be7e2a9/server/sequence-editor.js",Full Stack,G2 — Playback/import architecture,L,,UAT-DROP-003,In Progress,60,,,Existing 74-item source audit,Implemented 2026-08-22: Editor uploads use disk staging + atomic rename; other multer routes still memory
SEQ-PLAY-001,SEQ-PLAY-001,Sequence / Playback,P1,Yes,Sequence / Media Engine,Confirmed code defect; runtime impact high-confidence,Yes,No,Make media readiness authoritative,"The program clock advances from requestAnimationFrame wall-clock time even while the current video is waiting, stalled, seeking, or not ready. The playhead and auxiliary audio can move ahead while picture is frozen, followed by a hard seek or skipped visual material. Editorial timing cannot be trusted.",Make media readiness authoritative. Pause the transport clock on waiting/stalled/seeking; resume only after canplay/seeked. Use a shared master clock and explicit buffering state.,"Under throttled decode/network conditions, the program playhead does not advance during a stall; picture and audio return within one frame at 24 fps.",client/src/components/SequenceEditorWorkspace.tsx — beginPlayback/requestAnimationFrame and media synchronization logic,https://github.com/tj1784/Premiere316_AI_Director_Prototype_v2.0.0/blob/17234f7bcc9687d12afa23fbb88c6eff5be7e2a9/client/src/components/SequenceEditorWorkspace.tsx,Media Engine + Frontend,G2 — Playback/import architecture,XL,,"UAT-PLAY-002,UAT-PLAY-003",In Progress,70,,,Existing 74-item source audit,Implemented 2026-08-22: Clock freezes on waiting/stalled/seeking
SEQ-PLAY-002,SEQ-PLAY-002,Sequence / Playback,P1,Yes,Sequence / Media Engine,Confirmed architecture; runtime impact high-confidence,Yes,No,"Use two alternating video elements or a media buffer, preload the next source, seek it before the seam, and swap only after readiness is acknowledged","Every cut remounts a single <video> element keyed by clip ID, with no next-clip preload, double buffer, preroll, or readiness gate. Cuts can flash black, show the prior frame, or stall on real 4K/AI-generated media and slow disks.","Use two alternating video elements or a media buffer, preload the next source, seek it before the seam, and swap only after readiness is acknowledged.","A 50-cut mixed-codec sequence plays three consecutive passes with zero black frames, zero stale frames, and no seam stall.",client/src/components/SequenceEditorWorkspace.tsx — program monitor JSX and currentProgramClip key/src handling,https://github.com/tj1784/Premiere316_AI_Director_Prototype_v2.0.0/blob/17234f7bcc9687d12afa23fbb88c6eff5be7e2a9/client/src/components/SequenceEditorWorkspace.tsx,Media Engine + Frontend,G2 — Playback/import architecture,XL,,UAT-PLAY-001,In Progress,50,,,Existing 74-item source audit,Implemented 2026-08-22: No remount + preload element; not a proven 50-cut dual swap
SEQ-PLAY-007,SEQ-PLAY-007,Sequence / Audio,P2,Conditional,Sequence / Media Engine,Confirmed missing control,Yes,No,Add peak/RMS or LUFS-oriented metering and a clipping indicator,"There is no master meter, clip meter, clipping indication, or preview master gain. Users cannot detect overloads or judge loudness before export.",Add peak/RMS or LUFS-oriented metering and a clipping indicator.,Positive-gain clipping is visibly identified during preview.,Sequence editor program/audio UI,https://github.com/tj1784/Premiere316_AI_Director_Prototype_v2.0.0/commit/17234f7bcc9687d12afa23fbb88c6eff5be7e2a9,Media Engine,G2 — Playback/import architecture,M,SEQ-AUD-001,UAT-PLAY-004,Not Started,0,,,Existing 74-item source audit,
IMP-004,IMP-004,Sequence / Folder Drop,P2,Conditional,Import / Reliability,Confirmed feedback gap,Yes,No,Show scanning state immediately with discovered/eligible counts,"Folder traversal can be lengthy, but upload/busy state starts only after traversal completes. A deep folder appears to do nothing after drop.",Show scanning state immediately with discovered/eligible counts.,Feedback appears within 100 ms of drop and updates throughout traversal.,drop traversal flow before importDroppedMedia,https://github.com/tj1784/Premiere316_AI_Director_Prototype_v2.0.0/commit/17234f7bcc9687d12afa23fbb88c6eff5be7e2a9,Full Stack,G2 — Playback/import architecture,M,"IMP-001,IMP-003",UAT-DROP-005,Done,100,,,Existing 74-item source audit,Implemented 2026-08-22: Scanning state starts immediately on drop
IMP-005,IMP-005,Sequence / Folder Drop,P2,Conditional,Import / Reliability,Confirmed missing control,Yes,No,"Add bounded concurrency, progress, and cancellation","Uploads are sequential with no per-file progress, total progress, current filename, pause, or cancel. Large imports feel frozen and cannot be safely interrupted.","Add bounded concurrency, progress, and cancellation.",A 100-file import exposes deterministic progress and can cancel without corrupting metadata.,SequenceEditorWorkspace import loop,https://github.com/tj1784/Premiere316_AI_Director_Prototype_v2.0.0/commit/17234f7bcc9687d12afa23fbb88c6eff5be7e2a9,Full Stack,G2 — Playback/import architecture,M,IMP-003,"UAT-DROP-006,UAT-DROP-020",Not Started,0,,,Existing 74-item source audit,
IMP-006,IMP-006,Sequence / Folder Drop,P2,Conditional,Import / Reliability,Confirmed payload-handling defect,Yes,No,Merge and de-duplicate both entry traversal and dataTransfer,"If any DataTransfer item yields a webkit entry, fallback files are not added; mixed payloads can lose non-entry items. Some dragged files disappear from mixed operating-system/browser payloads.",Merge and de-duplicate both entry traversal and dataTransfer.files.,Mixed file/folder payload fixtures import every eligible file exactly once.,SequenceEditorWorkspace drop item/fallback branching,https://github.com/tj1784/Premiere316_AI_Director_Prototype_v2.0.0/commit/17234f7bcc9687d12afa23fbb88c6eff5be7e2a9,Full Stack,G2 — Playback/import architecture,M,IMP-018,UAT-DROP-007,Done,100,,,Existing 74-item source audit,"Implemented 2026-08-22: Merge entries and files, de-dupe by name/size/mtime"
IMP-007,IMP-007,Sequence / Folder Drop,P2,Conditional,Import / Reliability,Compatibility risk,Yes,No,"Provide feature detection, fallback input picker, and explicit unsupported-browser guidance","Folder traversal relies on nonstandard webkitGetAsEntry without a tested standards-based fallback. Behavior can differ across Chromium, Firefox, and future browser versions.","Provide feature detection, fallback input picker, and explicit unsupported-browser guidance.",Supported-browser matrix has passing folder and multi-file import cases.,SequenceEditorWorkspace folder traversal API,https://github.com/tj1784/Premiere316_AI_Director_Prototype_v2.0.0/commit/17234f7bcc9687d12afa23fbb88c6eff5be7e2a9,Full Stack,G2 — Playback/import architecture,M,IMP-018,UAT-DROP-015,Not Started,0,,,Existing 74-item source audit,
IMP-009,IMP-009,Sequence / Folder Drop,P2,Conditional,Import / Reliability,Confirmed metadata loss,Yes,No,Preserve normalized relativePath and optionally mirror bins/folders,"Relative folder hierarchy is discarded. Production organization, scene/take grouping, and provenance are lost.",Preserve normalized relativePath and optionally mirror bins/folders.,Nested folder structure is recoverable from imported metadata.,Import payload stores flattened file metadata,https://github.com/tj1784/Premiere316_AI_Director_Prototype_v2.0.0/commit/17234f7bcc9687d12afa23fbb88c6eff5be7e2a9,Full Stack,G2 — Playback/import architecture,M,IMP-003,UAT-DROP-012,Not Started,0,,,Existing 74-item source audit,
IMP-010,IMP-010,Sequence / Folder Drop,P2,Conditional,Import / Reliability,Confirmed missing duplicate policy,Yes,No,"Preflight duplicates and offer skip, link existing, or copy",Repeated drops create new copies without hash/size/path duplicate detection. Disk and bins balloon; users cannot tell which duplicate is canonical.,"Preflight duplicates and offer skip, link existing, or copy.",Re-dropping an identical folder produces a clear duplicate decision rather than silent copies.,Import server copy behavior and client messaging,https://github.com/tj1784/Premiere316_AI_Director_Prototype_v2.0.0/commit/17234f7bcc9687d12afa23fbb88c6eff5be7e2a9,Full Stack,G2 — Playback/import architecture,M,IMP-003,UAT-DROP-008,Not Started,0,,,Existing 74-item source audit,
IMP-011,IMP-011,Sequence / Folder Drop,P2,Conditional,Import / Reliability,Confirmed context disruption,Yes,No,Preserve context and offer 'Show imported',Import resets media-tab/filter context to All. Users lose their segment/take review context after every drop.,Preserve context and offer 'Show imported'.,Import does not change the active filter unless the user chooses to reveal new assets.,import completion state updates,https://github.com/tj1784/Premiere316_AI_Director_Prototype_v2.0.0/commit/17234f7bcc9687d12afa23fbb88c6eff5be7e2a9,Full Stack,G2 — Playback/import architecture,M,,UAT-DROP-013,Done,100,,,Existing 74-item source audit,Implemented 2026-08-22: Import no longer resets take filter
IMP-013,IMP-013,Sequence / Folder Drop,P2,Conditional,Import / Reliability,High-confidence concurrency risk,Yes,No,Use document revision checks or a serialized/atomic update,Concurrent import requests update shared document import metadata without an evident revision/lock transaction. Two simultaneous imports can overwrite each other's document metadata.,Use document revision checks or a serialized/atomic update.,Parallel imports preserve all entries with no lost updates.,server import document read/modify/write flow,https://github.com/tj1784/Premiere316_AI_Director_Prototype_v2.0.0/commit/17234f7bcc9687d12afa23fbb88c6eff5be7e2a9,Full Stack,G2 — Playback/import architecture,L,IMP-003,UAT-DROP-010,Not Started,0,,,Existing 74-item source audit,
IMP-014,IMP-014,Sequence / Folder Drop,P2,Conditional,Import / Reliability,High-confidence collision risk,Yes,No,Use UUID/content hash or atomic exclusive creation for every media class,Audio destination naming uses timestamp-based naming without the same collision loop used for video. Same-name audio uploads in a narrow time window can overwrite.,Use UUID/content hash or atomic exclusive creation for every media class.,"1,000 concurrent same-name audio imports yield 1,000 distinct files.",server import naming logic,https://github.com/tj1784/Premiere316_AI_Director_Prototype_v2.0.0/commit/17234f7bcc9687d12afa23fbb88c6eff5be7e2a9,Full Stack,G2 — Playback/import architecture,M,IMP-003,UAT-DROP-009,Not Started,0,,,Existing 74-item source audit,
IMP-020,IMP-020,Sequence / Folder Drop,P2,Conditional,Reliability,Confirmed missing preflight control,Yes,Yes,"Add a scan/preflight endpoint and UI that reports eligible, rejected, duplicate, count, total bytes, deepest path, and quota impact before committing large jobs","The import flow has no aggregate count, total-byte, directory-depth, filename/path-length, or project-quota preflight before uploads begin. Accidental huge drops can consume time, memory, and disk before the user understands the operation.","Add a scan/preflight endpoint and UI that reports eligible, rejected, duplicate, count, total bytes, deepest path, and quota impact before committing large jobs.",Threshold-crossing drops require an explicit confirmation and cannot exceed configured per-job or per-project limits.,client/src/components/SequenceEditorWorkspace.tsx and server import routes — no preflight contract,https://github.com/tj1784/Premiere316_AI_Director_Prototype_v2.0.0/blob/17234f7bcc9687d12afa23fbb88c6eff5be7e2a9/client/src/components/SequenceEditorWorkspace.tsx,Full Stack,G2 — Playback/import architecture,L,IMP-003,UAT-DROP-024,Not Started,0,,,User QA plan,
IMP-024,IMP-024,Sequence / Folder Drop,P2,Conditional,Reliability / Test,Validation/test gap,Yes,Yes,"Define supported traversal semantics, skip or reject unsafe entries deterministically, cap depth/path length, and include every omission in the import report","Empty folders, hidden/system files, unreadable subfolders, symbolic links, circular references, and extreme path lengths have no declared product policy or regression coverage. Cross-OS folder trees can hang, omit content, or generate unexplained partial imports.","Define supported traversal semantics, skip or reject unsafe entries deterministically, cap depth/path length, and include every omission in the import report.",All edge fixtures finish without infinite traversal; skipped entries are counted and explained; no path escapes the selected tree or project root.,Folder traversal implementation and current test inventory,https://github.com/tj1784/Premiere316_AI_Director_Prototype_v2.0.0/commit/17234f7bcc9687d12afa23fbb88c6eff5be7e2a9,Full Stack + QA,G2 — Playback/import architecture,L,,UAT-DROP-023,Not Started,0,,,User QA plan,
IMP-025,IMP-025,Sequence / Folder Drop,P2,Conditional,Architecture,Architecture/recovery gap,Yes,Yes,"Persist import jobs with stable IDs, stage/terminal states, progress reconciliation, and safe retry/resume semantics","Folder imports are not modeled as durable resumable jobs that survive refresh or application restart. A browser refresh, app restart, or transient service failure can leave users unable to reconcile what completed and what did not.","Persist import jobs with stable IDs, stage/terminal states, progress reconciliation, and safe retry/resume semantics.","Refreshing or restarting during a large import restores the same job, exact per-file results, and valid retry/cancel controls.",Current client-local import loop and per-request server registration,https://github.com/tj1784/Premiere316_AI_Director_Prototype_v2.0.0/commit/17234f7bcc9687d12afa23fbb88c6eff5be7e2a9,Backend + Frontend,G2 — Playback/import architecture,XL,"IMP-003,IMP-005,IMP-013",UAT-DROP-028,Not Started,0,,,User QA plan,
IMP-021,IMP-021,Sequence / Folder Drop / Security,P2,Conditional,Security / Reliability,Confirmed validation gap,Yes,Yes,"Validate content type and media signature server-side, reject mismatches before permanent registration, and log the original name plus detected type","Media acceptance is driven primarily by filename extension; no explicit content-signature/MIME validation is present before probing and storage. Renamed or malformed files can enter expensive decoders, create confusing failures, or broaden the attack surface of local media tooling.","Validate content type and media signature server-side, reject mismatches before permanent registration, and log the original name plus detected type.",Files whose extension and detected content disagree are rejected safely with a precise reason; valid fixtures for every supported type still import.,client extension filters; server/sequence-editor.js import extension checks,https://github.com/tj1784/Premiere316_AI_Director_Prototype_v2.0.0/blob/17234f7bcc9687d12afa23fbb88c6eff5be7e2a9/server/sequence-editor.js,Backend + Security,G2 — Playback/import architecture,M,,UAT-DROP-025,Not Started,0,,,User QA plan,
SEQ-PROBE-001,SEQ-PROBE-001,Sequence / Media Probe,P2,Conditional,Sequence / Media Engine,Confirmed concurrency defect,Yes,No,Track a set/count of active probes and aggregate result state,Retry-all starts multiple probes while sharing one global probing boolean; the first completion can clear busy state while others remain active. The UI can enable conflicting actions and falsely appear finished.,Track a set/count of active probes and aggregate result state.,Busy state remains true until the final concurrent probe settles.,SequenceEditorWorkspace retry-all/probeMedia state,https://github.com/tj1784/Premiere316_AI_Director_Prototype_v2.0.0/commit/17234f7bcc9687d12afa23fbb88c6eff5be7e2a9,Full Stack,G2 — Playback/import architecture,M,,UAT-TAKE-008,Not Started,0,,,Existing 74-item source audit,
SEQ-PROBE-002,SEQ-PROBE-002,Sequence / Media Probe,P2,Conditional,Sequence / Media Engine,Confirmed retry-state weakness,Yes,No,Use bounded retry/backoff and expose failure state,Failed auto-probes are retained in a ref and are not automatically retried during the same mount. Transient probe failures remain stale until manual intervention or remount.,Use bounded retry/backoff and expose failure state.,A transient first failure retries deterministically and settles visibly.,SequenceEditorWorkspace auto-probe ref logic,https://github.com/tj1784/Premiere316_AI_Director_Prototype_v2.0.0/commit/17234f7bcc9687d12afa23fbb88c6eff5be7e2a9,Full Stack,G2 — Playback/import architecture,M,,UAT-PLAY-007,Not Started,0,,,Existing 74-item source audit,
SEQ-PLAY-003,SEQ-PLAY-003,Sequence / Playback,P2,Conditional,Sequence / Media Engine,Confirmed missing state,Yes,No,Add a clear state overlay and retry/relink action,"No visible buffering, waiting, stalled, seeking, or decode-error state exists in the program monitor. Users cannot distinguish a paused transport, a broken source, and a temporary media stall.",Add a clear state overlay and retry/relink action.,Each media state has distinct text/icon treatment and screen-reader announcement.,SequenceEditorWorkspace program monitor event/state handling,https://github.com/tj1784/Premiere316_AI_Director_Prototype_v2.0.0/commit/17234f7bcc9687d12afa23fbb88c6eff5be7e2a9,Media Engine + Frontend,G2 — Playback/import architecture,M,SEQ-PLAY-001,"UAT-PLAY-002,UAT-PLAY-007,UAT-PLAY-008",Done,100,,,Existing 74-item source audit,Implemented 2026-08-22: Buffering/seeking/stalled overlay
SEQ-PLAY-004,SEQ-PLAY-004,Sequence / Playback,P2,Conditional,Sequence / Media Engine,Confirmed error-handling defect,Yes,No,Surface actionable errors with source/track context,HTMLMediaElement.play() rejections and auxiliary-audio playback errors are swallowed or reduced to silently stopping playback. Autoplay/device/codec errors appear as random transport failure.,Surface actionable errors with source/track context.,A forced play rejection produces a persistent error and recovery path.,SequenceEditorWorkspace play().catch handlers,https://github.com/tj1784/Premiere316_AI_Director_Prototype_v2.0.0/commit/17234f7bcc9687d12afa23fbb88c6eff5be7e2a9,Media Engine + Frontend,G2 — Playback/import architecture,M,SEQ-PLAY-001,UAT-PLAY-006,Done,100,,,Existing 74-item source audit,Implemented 2026-08-22: play() rejection is visible
SEQ-PLAY-005,SEQ-PLAY-005,Sequence / Playback,P2,Conditional,Sequence / Media Engine,High-confidence synchronization risk,Yes,No,Use one master audio clock and schedule sources against it,Program video and auxiliary audio use separate HTMLMediaElement clocks with relatively loose correction thresholds. Dialogue and effects can audibly drift before correction; corrections can be discontinuous.,Use one master audio clock and schedule sources against it.,A 10-minute mixed timeline remains within 20 ms A/V drift.,SequenceEditorWorkspace media synchronization thresholds,https://github.com/tj1784/Premiere316_AI_Director_Prototype_v2.0.0/commit/17234f7bcc9687d12afa23fbb88c6eff5be7e2a9,Media Engine + Frontend,G2 — Playback/import architecture,M,"SEQ-PLAY-001,SEQ-PLAY-002",UAT-PLAY-005,Not Started,0,,,Existing 74-item source audit,
SEQ-PLAY-006,SEQ-PLAY-006,Sequence / Playback,P2,Conditional,Sequence / Media Engine,High-confidence runtime risk,Yes,No,Schedule gain automation on an audio clock,"Audio fades are updated from requestAnimationFrame and will be throttled in background/occluded tabs. Fades can become stepped, delayed, or jump to the wrong level.",Schedule gain automation on an audio clock.,Fade envelopes remain correct after tab backgrounding and restoration.,SequenceEditorWorkspace rAF fade calculations,https://github.com/tj1784/Premiere316_AI_Director_Prototype_v2.0.0/commit/17234f7bcc9687d12afa23fbb88c6eff5be7e2a9,Media Engine + Frontend,G2 — Playback/import architecture,M,SEQ-PLAY-001,"UAT-PLAY-003,UAT-PLAY-014",Not Started,0,,,Existing 74-item source audit,
SEQ-PLAY-008,SEQ-PLAY-008,Sequence / Playback,P2,Conditional,Sequence / Media Engine,Architecture limitation,Yes,No,"Use proxy/intraframe media or frame-serving for editorial review, and label precision limits","HTMLMediaElement seeking is not frame-accurate for long-GOP sources, but the UI presents frame/timeline precision. Trim and cut review can show a nearby keyframe rather than the intended frame.","Use proxy/intraframe media or frame-serving for editorial review, and label precision limits.",A frame-index fixture lands on the expected frame at each tested cut.,Sequence editor direct source seeking architecture,https://github.com/tj1784/Premiere316_AI_Director_Prototype_v2.0.0/commit/17234f7bcc9687d12afa23fbb88c6eff5be7e2a9,Media Engine + Frontend,G2 — Playback/import architecture,M,SEQ-PLAY-002,UAT-PLAY-009,Not Started,0,,,Existing 74-item source audit,
SEQ-PLAY-009,SEQ-PLAY-009,Sequence / Playback,P2,Conditional,Sequence / Media Engine,Confirmed UI-state ambiguity,Yes,No,Separate program transport from solo/audition controls and label both,Track play controls visually mirror global program playback rather than clearly representing lane-specific audition state. Users cannot tell what will play or which control owns transport.,Separate program transport from solo/audition controls and label both.,"Control state remains unambiguous in mute, solo, locked, and program-play combinations.",SequenceEditorWorkspace audio track control rendering,https://github.com/tj1784/Premiere316_AI_Director_Prototype_v2.0.0/commit/17234f7bcc9687d12afa23fbb88c6eff5be7e2a9,Media Engine + Frontend,G2 — Playback/import architecture,M,,UAT-PLAY-011,Not Started,0,,,Existing 74-item source audit,
SEQ-PLAY-010,SEQ-PLAY-010,Sequence / Playback,P2,Conditional,Sequence / Media Engine,Confirmed missing seam handling,Yes,No,Prepare the next source before the seam and expose a degraded-preview mode when impossible,No explicit cut-preroll or seam-readiness logic is present. The viewer discovers decode latency at the cut rather than before it.,Prepare the next source before the seam and expose a degraded-preview mode when impossible.,Cut readiness is established before the seam for supported media.,SequenceEditorWorkspace current/next clip handling,https://github.com/tj1784/Premiere316_AI_Director_Prototype_v2.0.0/commit/17234f7bcc9687d12afa23fbb88c6eff5be7e2a9,Media Engine + Frontend,G2 — Playback/import architecture,M,SEQ-PLAY-002,UAT-PLAY-001,In Progress,50,,,Existing 74-item source audit,Implemented 2026-08-22: Next source preloads before seam
SEQ-STATE-002,SEQ-STATE-002,Sequence / Playback,P2,Conditional,Reliability,Runtime recovery gap,Yes,Yes,"Listen for lifecycle/device changes, pause or rebuild the media graph safely, and provide a clear resume action","System sleep/wake, audio-device changes, and long application suspension have no explicit transport resynchronization policy. The preview can resume with stale clocks, duplicated audio, or an incorrect play state.","Listen for lifecycle/device changes, pause or rebuild the media graph safely, and provide a clear resume action.","After sleep/wake and device change, the editor reports the correct state and resumes only from a synchronized position.",Playback architecture and current test inventory,https://github.com/tj1784/Premiere316_AI_Director_Prototype_v2.0.0/commit/17234f7bcc9687d12afa23fbb88c6eff5be7e2a9,Media Engine,G2 — Playback/import architecture,L,,UAT-PLAY-022,Not Started,0,,,User QA plan,
IMP-008,IMP-008,Sequence / Timeline Drop,P2,Conditional,Import / Reliability,Mental-model mismatch,Yes,No,Either insert at the drop location or restrict import drop affordance to the bin and label it,Dropping media onto the timeline imports it to the bin rather than inserting it at the drop time/track. The drop target visually promises an edit operation but performs a library operation.,Either insert at the drop location or restrict import drop affordance to the bin and label it.,The result matches the visible drop target and preview indicator.,Timeline onDrop wired to folder/media import,https://github.com/tj1784/Premiere316_AI_Director_Prototype_v2.0.0/commit/17234f7bcc9687d12afa23fbb88c6eff5be7e2a9,Frontend + Product,G2 — Playback/import architecture,M,,UAT-DROP-011,In Progress,40,,,Existing 74-item source audit,Implemented 2026-08-22: Timeline drop labeled as import-to-bin; insert-at-playhead not implemented
IMP-012,IMP-012,Sequence / Folder Drop,P3,No,Import / Reliability,Workflow friction,Yes,No,Add a recent-import group and optional selection,Newly imported media is not automatically selected or grouped as a recent import. Users must search for the result in a potentially large bin.,Add a recent-import group and optional selection.,The imported set is reachable in one action.,Import completion behavior,https://github.com/tj1784/Premiere316_AI_Director_Prototype_v2.0.0/commit/17234f7bcc9687d12afa23fbb88c6eff5be7e2a9,Full Stack,G2 — Playback/import architecture,M,,UAT-DROP-017,Not Started,0,,,Existing 74-item source audit,
IMP-017,IMP-017,Sequence / Folder Drop,P3,No,Performance,Operational scalability risk,Yes,No,"Add storage usage, duplicate cleanup, and orphan management",Repeated imports can grow both disk copies and imports metadata without cleanup/retention tools. Projects accumulate difficult-to-manage storage and metadata debt.,"Add storage usage, duplicate cleanup, and orphan management.",Users can identify and safely remove unused imported copies.,Copy-on-import and document imports model,https://github.com/tj1784/Premiere316_AI_Director_Prototype_v2.0.0/commit/17234f7bcc9687d12afa23fbb88c6eff5be7e2a9,Full Stack,G2 — Playback/import architecture,S,,UAT-DROP-020,Not Started,0,,,Existing 74-item source audit,
COMFY-007,COMFY-007,Comfy Picker,P2,Conditional,Performance,Scalability/usability weakness,Yes,No,Use a searchable command/menu picker grouped by source/category with recent/favorites,"A flat native select is used for a recursive workflow library with no search, grouping, source filter, favorites, or virtualization. Discovery degrades quickly as the local library grows.",Use a searchable command/menu picker grouped by source/category with recent/favorites.,"A 5,000-workflow fixture can be found by name/path/model in a few keystrokes.",Comfy picker select rendering,https://github.com/tj1784/Premiere316_AI_Director_Prototype_v2.0.0/commit/17234f7bcc9687d12afa23fbb88c6eff5be7e2a9,Comfy Integration + Frontend,G3 — Workflow efficiency & declutter,L,COMFY-001,"UAT-COMFY-010,UAT-COMFY-022",Not Started,0,,,Existing 74-item source audit,
COMFY-022,COMFY-022,Comfy Picker / Information Architecture,P2,Conditional,UX Redesign,Missing details surface,Yes,Yes,"Add a right-side workflow details drawer and keep the permanent toolbar limited to selection, verified loaded state, and the primary action","The picker lacks a dedicated details view for source, canonical ID, path, hash/version, readiness, required nodes/models, modified time, and compatibility. Users cannot confidently distinguish similar workflows or diagnose why one cannot run.","Add a right-side workflow details drawer and keep the permanent toolbar limited to selection, verified loaded state, and the primary action.",Selecting a workflow reveals complete provenance and dependency diagnostics without crowding the main canvas; drawer focus/dismiss behavior passes accessibility checks.,Current Comfy toolbar and workflow option metadata,https://github.com/tj1784/Premiere316_AI_Director_Prototype_v2.0.0/commit/17234f7bcc9687d12afa23fbb88c6eff5be7e2a9,Product/UX + Frontend,G3 — Workflow efficiency & declutter,L,"COMFY-020,UX-DECLUTTER-003",UAT-COMFY-026,Not Started,0,,,User QA plan,
UX-DECLUTTER-003,UX-DECLUTTER-003,Comfy Picker / Information Architecture,P2,Conditional,UX Redesign / Product Decision,UX redesign target with scope correction,Yes,Yes,"For the current workflow picker, use a searchable grouped command/list surface with one verified loaded state, one primary action, filters in a popover, and provenance/dependencies in a right drawer","The user proposal describes a thumbnail asset gallery, but the current `17234f7` control is a workflow picker. Treating gallery requirements as current defects would mis-scope the release. Without a clarified model, the team could build an expensive asset browser where a scalable workflow command picker is actually needed.","For the current workflow picker, use a searchable grouped command/list surface with one verified loaded state, one primary action, filters in a popover, and provenance/dependencies in a right drawer. Create a separate product epic if a thumbnail asset gallery is desired.",The current picker scales and remains quiet without pretending to be an asset gallery; any gallery initiative has a separate approved scope and data contract.,User decluttering pass versus current ComfyUIWorkspace implementation,https://github.com/tj1784/Premiere316_AI_Director_Prototype_v2.0.0/commit/17234f7bcc9687d12afa23fbb88c6eff5be7e2a9,Product/UX + Comfy Integration,G3 — Workflow efficiency & declutter,L,"SCOPE-003,COMFY-007,COMFY-022,UX-CONTAINER-001",UAT-UX-003,Not Started,0,,,Decluttering pass,
COMFY-009,COMFY-009,Comfy Picker / Server,P2,Conditional,Comfy Integration,Confirmed performance risk,Yes,No,"Index asynchronously, cache metadata/hash, and invalidate on filesystem changes",The server recursively scans the workflow tree and reads graph JSON synchronously on request. Large local libraries/graphs can block the Node event loop and slow unrelated UI/API activity.,"Index asynchronously, cache metadata/hash, and invalidate on filesystem changes.",Picker list/graph requests do not create observable event-loop stalls on a large library.,server/aaa-workflow.js listWorkflows/readWorkflowGraph,https://github.com/tj1784/Premiere316_AI_Director_Prototype_v2.0.0/blob/17234f7bcc9687d12afa23fbb88c6eff5be7e2a9/server/aaa-workflow.js,Backend + Comfy Integration,G3 — Workflow efficiency & declutter,L,COMFY-003,"UAT-COMFY-019,UAT-COMFY-023",Not Started,0,,,Existing 74-item source audit,
UX-DECLUTTER-002,UX-DECLUTTER-002,Folder Drop / Information Architecture,P2,Conditional,UX Redesign,UX redesign target,Yes,Yes,"Keep a minimal drop target; move import options to a gear popover/drawer, progress/cancel to a non-blocking bottom sheet or floating job card, and complete/partial results to an expandable summary with View imported and Retry failed","Import configuration, progress, and result information need clear homes without permanently crowding the drop target. A clean drop surface can become ambiguous if secondary controls are simply removed rather than progressively disclosed.","Keep a minimal drop target; move import options to a gear popover/drawer, progress/cancel to a non-blocking bottom sheet or floating job card, and complete/partial results to an expandable summary with View imported and Retry failed.","Idle, valid, invalid, scanning, importing, partial, complete, cancelled, and failed states are distinct while the main editor remains usable.",User decluttering pass and folder-import findings,https://github.com/tj1784/Premiere316_AI_Director_Prototype_v2.0.0/commit/17234f7bcc9687d12afa23fbb88c6eff5be7e2a9,Product/UX + Frontend,G3 — Workflow efficiency & declutter,L,"IMP-001,IMP-005,IMP-019,UX-CONTAINER-001",UAT-UX-002,Not Started,0,,,Decluttering pass,
UX-CONTAINER-003,UX-CONTAINER-003,Responsive Containers,P2,Conditional,Responsive UX,Responsive UX requirement,Yes,Yes,"Define workstation breakpoints: side drawer on wide desktop, full-height overlay/docked panel on constrained desktop, and bottom sheet only for approved touch/tablet targets","Drawer, modal, popover, and sheet behavior is not specified across low-height desktop, split-screen, high zoom, and possible touch layouts. A decluttering pass can still hide controls off-screen or create nested scrolling if containers do not adapt deliberately.","Define workstation breakpoints: side drawer on wide desktop, full-height overlay/docked panel on constrained desktop, and bottom sheet only for approved touch/tablet targets.","Containers remain dismissible and fully usable at supported resolutions, 150% Windows scaling, and 400% zoom without clipping essential actions.",User decluttering pass and responsive findings,https://github.com/tj1784/Premiere316_AI_Director_Prototype_v2.0.0/commit/17234f7bcc9687d12afa23fbb88c6eff5be7e2a9,Product/UX + Frontend,G3 — Workflow efficiency & declutter,L,"A11Y-005,A11Y-011,UX-CONTAINER-001",UAT-UX-006,Not Started,0,,,Decluttering pass,
IMP-019,IMP-019,Sequence / Folder Drop,P2,Conditional,UX Defect,Confirmed UX state gap,Yes,Yes,"Add one coordinated drag-state model with valid/invalid styling, nested target ownership, current destination text, and guaranteed cleanup on leave, Escape, drop, and error","Drop targets do not expose clear drag-enter, valid, invalid, nested-target priority, or drag-leave cleanup states. Users cannot confidently predict where media will land, whether a payload is accepted, or why a drop was rejected.","Add one coordinated drag-state model with valid/invalid styling, nested target ownership, current destination text, and guaranteed cleanup on leave, Escape, drop, and error.","Library, timeline, and track targets show mutually exclusive destination states; invalid payloads are obvious; no highlight remains after cancel or failure.",client/src/components/SequenceEditorWorkspace.tsx — drop target handlers and rendered states,https://github.com/tj1784/Premiere316_AI_Director_Prototype_v2.0.0/blob/17234f7bcc9687d12afa23fbb88c6eff5be7e2a9/client/src/components/SequenceEditorWorkspace.tsx,Frontend + UX,G3 — Workflow efficiency & declutter,M,,UAT-DROP-021,Not Started,0,,,User QA plan,
IMP-022,IMP-022,Sequence / Folder Drop,P2,Conditional,Enhancement / Recovery,Missing user-control capability,Yes,Yes,"Record every import as a reversible job and provide Undo import with dependency checks, safe file cleanup, and a review step when media has already been placed in the timeline","There is no single undo action for an entire folder import, including copied files and registered metadata. A mistaken drop requires manual cleanup and can leave duplicate or unused project media.","Record every import as a reversible job and provide Undo import with dependency checks, safe file cleanup, and a review step when media has already been placed in the timeline.","Undo removes only files/records created by that job, preserves referenced media unless confirmed, and is itself auditable.",Folder import completion flow and document import model,https://github.com/tj1784/Premiere316_AI_Director_Prototype_v2.0.0/commit/17234f7bcc9687d12afa23fbb88c6eff5be7e2a9,Full Stack,G3 — Workflow efficiency & declutter,L,"IMP-025,IMP-010",UAT-DROP-026,Not Started,0,,,User QA plan,
SEQ-BIN-001,SEQ-BIN-001,Sequence / Media Bin,P2,Conditional,Sequence / Media Engine,Confirmed state-consistency defect,Yes,No,"Clear, preserve with an explicit hidden-selection banner, or reveal the selected item",Changing a filter can leave the source monitor showing an item no longer visible in the bin. Selection and visible collection disagree.,"Clear, preserve with an explicit hidden-selection banner, or reveal the selected item.",A hidden selection is never presented as though it belongs to the current filtered set.,selectedMedia derives from all media while visibleMedia is filtered,https://github.com/tj1784/Premiere316_AI_Director_Prototype_v2.0.0/commit/17234f7bcc9687d12afa23fbb88c6eff5be7e2a9,Frontend,G3 — Workflow efficiency & declutter,M,,UAT-TAKE-006,Not Started,0,,,Existing 74-item source audit,
SEQ-BIN-002,SEQ-BIN-002,Sequence / Media Bin,P2,Conditional,Performance,Scalability risk,Yes,No,Virtualize rows and stabilize item keys/heights,The media/take list renders without virtualization. Large takes libraries and repeated folder imports can make scrolling and interaction sluggish.,Virtualize rows and stabilize item keys/heights.,"A 10,000-item fixture scrolls and filters responsively.",SequenceEditorWorkspace visibleMedia map rendering,https://github.com/tj1784/Premiere316_AI_Director_Prototype_v2.0.0/commit/17234f7bcc9687d12afa23fbb88c6eff5be7e2a9,Frontend,G3 — Workflow efficiency & declutter,L,,"UAT-TAKE-001,UAT-COMFY-010",Not Started,0,,,Existing 74-item source audit,
TAKE-002,TAKE-002,Sequence / Takes,P2,Conditional,Takes / UX,Confirmed missing primary action,Yes,No,Add a primary replace action with target segment/timeline confirmation,"There is no direct, explicit 'Replace selected timeline clip with selected take' action. A common editorial task requires indirect context and is easy to perform against the wrong target.",Add a primary replace action with target segment/timeline confirmation.,One keyboard-accessible action swaps the selected clip and preserves trim policy predictably.,Sequence editor take and timeline action surface,https://github.com/tj1784/Premiere316_AI_Director_Prototype_v2.0.0/commit/17234f7bcc9687d12afa23fbb88c6eff5be7e2a9,Product + Frontend,G3 — Workflow efficiency & declutter,M,,UAT-TAKE-004,Done,100,,,Existing 74-item source audit,Implemented 2026-08-22: Replace selected clip with take + undo via existing commit
TAKE-003,TAKE-003,Sequence / Takes,P2,Conditional,Takes / UX,Confirmed missing comparison workflow,Yes,No,Add segment-scoped cycling and compare modes,"No previous/next take cycling, A/B compare, side-by-side compare, or keyboard audition exists. Reviewing many generations is slow and cognitively expensive.",Add segment-scoped cycling and compare modes.,A reviewer can audition all takes for one segment without moving pointer focus.,Sequence editor take controls,https://github.com/tj1784/Premiere316_AI_Director_Prototype_v2.0.0/commit/17234f7bcc9687d12afa23fbb88c6eff5be7e2a9,Product + Frontend,G3 — Workflow efficiency & declutter,L,,"UAT-TAKE-005,UAT-TAKE-009",Not Started,0,,,Existing 74-item source audit,
TAKE-004,TAKE-004,Sequence / Takes,P2,Conditional,Takes / UX,Confirmed filter leakage,Yes,No,Make unassigned media an explicit separate group/filter,"When a segment is scoped, media with no segment ID can remain visible. Unregistered folder imports pollute a segment-focused take review.",Make unassigned media an explicit separate group/filter.,Segment scope contains only that segment unless 'Include unassigned' is enabled.,SequenceEditorWorkspace visibleMedia segment predicate,https://github.com/tj1784/Premiere316_AI_Director_Prototype_v2.0.0/commit/17234f7bcc9687d12afa23fbb88c6eff5be7e2a9,Product + Frontend,G3 — Workflow efficiency & declutter,L,,UAT-TAKE-007,Done,100,,,Existing 74-item source audit,Implemented 2026-08-22: Unassigned excluded from segment scope unless includeUnassigned
TAKE-010,TAKE-010,Sequence / Takes,P2,Conditional,Reliability / Product,Persistence requirement,Yes,Yes,Define project-persistent versus user-local state and restore it deterministically with migration/version handling,"The full take review state—active take, selection, compare state, metadata, and ordering—has no explicit persistence contract across reload/restart. Users can lose review context or see a different active candidate after reopening the project.",Define project-persistent versus user-local state and restore it deterministically with migration/version handling.,Reload and application restart restore the documented take state without changing the underlying sequence unexpectedly.,Current component-local take/filter state and proposed take capabilities,https://github.com/tj1784/Premiere316_AI_Director_Prototype_v2.0.0/commit/17234f7bcc9687d12afa23fbb88c6eff5be7e2a9,Frontend + Backend,G3 — Workflow efficiency & declutter,M,TAKE-007,UAT-TAKE-014,Not Started,0,,,User QA plan,
UX-DECLUTTER-001,UX-DECLUTTER-001,Sequence / Takes / Information Architecture,P2,Conditional,UX Redesign,UX redesign target,Yes,Yes,"Keep program media, play/pause, scrubber/playhead, current take, and a compact take switcher permanent; move take details to a drawer, management to a modal, advanced transport to a popover, markers to contextual tools, and A/B compare to a focused modal","The permanent sequence surface carries dense library, inspector, timeline tools, transport, metadata, and status information simultaneously. The editor is visually noisy and makes primary playback/take-selection actions compete with secondary controls.","Keep program media, play/pause, scrubber/playhead, current take, and a compact take switcher permanent; move take details to a drawer, management to a modal, advanced transport to a popover, markers to contextual tools, and A/B compare to a focused modal.","Primary review can be completed with the quiet surface; every moved capability remains reachable in one intentional action, keyboard accessible, and focus-safe.",User decluttering pass plus current Sequence layout,https://github.com/tj1784/Premiere316_AI_Director_Prototype_v2.0.0/commit/17234f7bcc9687d12afa23fbb88c6eff5be7e2a9,Product/UX + Frontend,G3 — Workflow efficiency & declutter,XL,"TAKE-007,UX-CONTAINER-001",UAT-UX-001,Not Started,0,,,Decluttering pass,
SEQ-PLAY-011,SEQ-PLAY-011,Sequence / Timeline,P2,Conditional,UX / Accessibility,Confirmed interaction/accessibility gap,Yes,Yes,"Add a visible playhead head/handle, enlarged invisible hit target, keyboard timecode input, and focusable scrub control","The playhead is rendered as a one-pixel line without a dedicated grab handle or enlarged hit area. It can be difficult to locate and manipulate precisely, especially on high-DPI displays or for users with motor impairments.","Add a visible playhead head/handle, enlarged invisible hit target, keyboard timecode input, and focusable scrub control.","The playhead is easy to acquire at all zoom levels, can be moved by mouse and keyboard, and never disappears outside the visible timeline without a reveal action.",client/src/components/SequenceEditorWorkspace.tsx — timeline playhead rendering,https://github.com/tj1784/Premiere316_AI_Director_Prototype_v2.0.0/blob/17234f7bcc9687d12afa23fbb88c6eff5be7e2a9/client/src/components/SequenceEditorWorkspace.tsx,Frontend + UX,G3 — Workflow efficiency & declutter,M,,UAT-PLAY-019,In Progress,40,,,User QA plan,Implemented 2026-08-22: Playhead handle hit target added
SEQ-PLAY-012,SEQ-PLAY-012,Sequence / Timeline,P2,Conditional,Enhancement,Capability/usability gap,Yes,Yes,"Add fit controls, centered wheel/gesture zoom, playhead follow/reveal policy, and persisted zoom state","Timeline zoom provides a basic slider but no fit-to-sequence, fit-selection, cursor-centered zoom, or automatic playhead reveal. Users can lose context or repeatedly scroll while reviewing long edits.","Add fit controls, centered wheel/gesture zoom, playhead follow/reveal policy, and persisted zoom state.","Zooming preserves the intended anchor, fit controls show the requested range, and playback never leaves the playhead unknowingly off-screen.",client/src/components/SequenceEditorWorkspace.tsx — zoom slider and lane width logic,https://github.com/tj1784/Premiere316_AI_Director_Prototype_v2.0.0/blob/17234f7bcc9687d12afa23fbb88c6eff5be7e2a9/client/src/components/SequenceEditorWorkspace.tsx,Frontend,G3 — Workflow efficiency & declutter,M,,UAT-PLAY-019,Not Started,0,,,User QA plan,
UX-CONTAINER-004,UX-CONTAINER-004,Shared Container Stacking,P2,Conditional,Frontend Platform,Cross-cutting interaction risk,Yes,Yes,"Define one overlay manager with z-index tokens, portal ownership, iframe interaction shielding, nested-container rules, and one active modal boundary","The plan permits drawers, modals, sheets, popovers, context menus, and embedded Comfy content, but no single stacking and ownership policy is defined. Nested overlays can appear under the iframe, trap focus incorrectly, or allow background actions.","Define one overlay manager with z-index tokens, portal ownership, iframe interaction shielding, nested-container rules, and one active modal boundary.","All container combinations render in the correct order, background content becomes inert when required, and focus never escapes a modal boundary.",Current embedded iframe architecture plus decluttering proposal,https://github.com/tj1784/Premiere316_AI_Director_Prototype_v2.0.0/commit/17234f7bcc9687d12afa23fbb88c6eff5be7e2a9,Frontend Platform,G3 — Workflow efficiency & declutter,L,UX-CONTAINER-001,UAT-UX-004,Not Started,0,,,Decluttering pass,
UX-CONTAINER-001,UX-CONTAINER-001,Shared Drawers / Modals / Sheets / Popovers,P2,Conditional,Design System / Accessibility,Cross-cutting implementation requirement,Yes,Yes,"Create a shared container standard/component layer covering focus entry/return, modal versus non-modal semantics, Escape, outside click, swipe, explicit close, scroll locking, dirty-state prompts, live-region use, and z-index ownership","Secondary containers do not yet have one documented accessibility and interaction contract. Inconsistent Escape behavior, focus trapping, click-outside dismissal, return focus, dirty-state confirmation, and stacking can create new dead ends while decluttering.","Create a shared container standard/component layer covering focus entry/return, modal versus non-modal semantics, Escape, outside click, swipe, explicit close, scroll locking, dirty-state prompts, live-region use, and z-index ownership.","Every drawer/modal/sheet/popover passes keyboard, screen-reader, nested-container, resize, and unsaved-change tests using the same contract.",User decluttering implementation guidelines,https://github.com/tj1784/Premiere316_AI_Director_Prototype_v2.0.0/commit/17234f7bcc9687d12afa23fbb88c6eff5be7e2a9,Frontend Platform + UX,G3 — Workflow efficiency & declutter,L,,UAT-UX-004,Not Started,0,,,Decluttering pass,
COMFY-017,COMFY-017,Comfy Picker,P3,No,Comfy Integration,Information architecture gap,Yes,No,Add Recommended badge and reset-to-default action,defaultForAsset is collected but not surfaced meaningfully in the picker UI. Users cannot tell which workflow is recommended.,Add Recommended badge and reset-to-default action.,Recommended workflow is visible and keyboard reachable.,Comfy workflow data/rendering,https://github.com/tj1784/Premiere316_AI_Director_Prototype_v2.0.0/commit/17234f7bcc9687d12afa23fbb88c6eff5be7e2a9,Comfy Integration + Frontend,G3 — Workflow efficiency & declutter,S,COMFY-016,UAT-COMFY-018,Not Started,0,,,Existing 74-item source audit,
COMFY-020,COMFY-020,Comfy Picker,P3,No,Comfy Integration,Provenance gap,Yes,No,Show immutable identity and copyable diagnostics,"After load, the UI does not prominently show graph source, version/hash, or local-versus-packaged origin. Reproduction and support are difficult.",Show immutable identity and copyable diagnostics.,A screenshot/log can identify the exact loaded graph.,Comfy toolbar status content,https://github.com/tj1784/Premiere316_AI_Director_Prototype_v2.0.0/commit/17234f7bcc9687d12afa23fbb88c6eff5be7e2a9,Comfy Integration + Frontend,G3 — Workflow efficiency & declutter,S,"COMFY-001,COMFY-003",UAT-COMFY-020,Done,100,,,Existing 74-item source audit,Implemented 2026-08-22: Loaded source/hash shown in toolbar
TAKE-005,TAKE-005,Sequence / Takes,P3,No,Takes / UX,Visual semantics weakness,Yes,No,Use larger labeled state chips and selected-target linkage,Active/Latest status is conveyed with very small badges and weak hierarchy. Status is hard to scan and easy to misread.,Use larger labeled state chips and selected-target linkage.,"Status is legible at 100%, 125%, and 150% scaling.",Sequence editor media card badge rendering,https://github.com/tj1784/Premiere316_AI_Director_Prototype_v2.0.0/commit/17234f7bcc9687d12afa23fbb88c6eff5be7e2a9,Product + Frontend,G3 — Workflow efficiency & declutter,M,,UAT-TAKE-008,Not Started,0,,,Existing 74-item source audit,
TAKE-006,TAKE-006,Sequence / Takes,P3,No,Takes / UX,Preference persistence gap,Yes,No,Persist a project/user preference with a safe default,Take filter choice is not persisted per user/project. Users repeatedly restore their preferred review mode.,Persist a project/user preference with a safe default.,The chosen filter restores after navigation and relaunch.,takeFilter local component state,https://github.com/tj1784/Premiere316_AI_Director_Prototype_v2.0.0/commit/17234f7bcc9687d12afa23fbb88c6eff5be7e2a9,Product + Frontend,G3 — Workflow efficiency & declutter,S,,UAT-TAKE-010,Done,100,,,Existing 74-item source audit,Implemented 2026-08-22: Persisted per-project in localStorage
TAKE-008,TAKE-008,Sequence / Takes,P3,No,Enhancement / UX Redesign,Future capability,Yes,Yes,"Add metadata only after the take model is approved, preferably in a non-modal details drawer with searchable fields and minimal card chrome","Take notes, rating, tags, color labels, and metadata search are not available. Reviewers cannot build a lightweight editorial decision record inside the application.","Add metadata only after the take model is approved, preferably in a non-modal details drawer with searchable fields and minimal card chrome.","Metadata persists, is searchable, is included in export/diagnostics, and does not obscure the take list.",Current take/media card and inspector feature set,https://github.com/tj1784/Premiere316_AI_Director_Prototype_v2.0.0/commit/17234f7bcc9687d12afa23fbb88c6eff5be7e2a9,Product + Frontend,G3 — Workflow efficiency & declutter,L,"TAKE-007,UX-DECLUTTER-001",UAT-TAKE-013,Not Started,0,,,User QA plan,
SEQ-PLAY-015,SEQ-PLAY-015,Sequence / Transport,P3,No,Enhancement,Future capability,Yes,Yes,"Add only the approved loop modes behind an advanced-transport popover, with a persistent visible loop state and keyboard shortcut","There is no loop mode for the sequence, selected clip, or marked range. Repeated review requires manual repositioning and makes take comparison slower.","Add only the approved loop modes behind an advanced-transport popover, with a persistent visible loop state and keyboard shortcut.",Loop boundaries are sample/frame accurate within the preview tolerance and leaving loop mode is obvious.,Sequence transport capability set,https://github.com/tj1784/Premiere316_AI_Director_Prototype_v2.0.0/commit/17234f7bcc9687d12afa23fbb88c6eff5be7e2a9,Frontend + Media Engine,G3 — Workflow efficiency & declutter,L,,UAT-PLAY-018,Not Started,0,,,User QA plan,
UX-CONTAINER-002,UX-CONTAINER-002,Shared First-use Guidance,P3,No,UX Polish,UX polish requirement,Yes,Yes,"Use one-time, dismissible coach marks tied to successful task completion, with a Help entry to replay them deliberately",First-use guidance can become recurring permanent noise unless completion is remembered. Repeated coach marks or instructional modals frustrate experienced users and obscure production work.,"Use one-time, dismissible coach marks tied to successful task completion, with a Help entry to replay them deliberately.","After the first successful use, guidance does not reappear automatically for that user/project version; Reset help restores it.",User decluttering implementation guidelines,https://github.com/tj1784/Premiere316_AI_Director_Prototype_v2.0.0/commit/17234f7bcc9687d12afa23fbb88c6eff5be7e2a9,Frontend + UX,G3 — Workflow efficiency & declutter,S,UX-CONTAINER-001,UAT-UX-005,Not Started,0,,,Decluttering pass,
QA-001,QA-001,Release Engineering,P1,Yes,QA / Release,Confirmed process gap,Yes,No,"Add real Playwright browser tests, API contract tests, accessibility checks, and required branch protection on one canonical release branch","No behavioral browser tests cover play, cuts, takes, folder drop, or the Comfy picker; the commit has no CI status/workflow run, and main/master have no required checks. The primary advertised workflows can regress while both release branches still accept the commit.","Add real Playwright browser tests, API contract tests, accessibility checks, and required branch protection on one canonical release branch.",The P1 acceptance cases run in CI and must pass before merge; main and master cannot advance without the required checks.,tests/sequence-editor-ui.test.mjs; tests/e2e/uat-harness.mjs; tests/e2e/uat-p0.browser.mjs; package.json; branch/status metadata,"https://github.com/tj1784/Premiere316_AI_Director_Prototype_v2.0.0/blob/17234f7bcc9687d12afa23fbb88c6eff5be7e2a9/tests/sequence-editor-ui.test.mjs
https://github.com/tj1784/Premiere316_AI_Director_Prototype_v2.0.0/blob/17234f7bcc9687d12afa23fbb88c6eff5be7e2a9/tests/e2e/uat-harness.mjs
https://github.com/tj1784/Premiere316_AI_Director_Prototype_v2.0.0/blob/17234f7bcc9687d12afa23fbb88c6eff5be7e2a9/tests/e2e/uat-p0.browser.mjs",QA Automation + DevOps,G4 — Accessibility & release gates,L,,"UAT-REG-002,UAT-REG-006",In Progress,45,,,Existing 74-item source audit,Implemented 2026-08-22: CI workflow + unit tests; Playwright browser UAT not added
A11Y-001,A11Y-001,Accessibility,P2,Conditional,Accessibility,Confirmed semantic gap,Yes,No,"Add accessible names, titles/tooltips, and consistent icon+label semantics",Several glyph-only transport/action controls lack robust accessible names and visible tooltips. Screen-reader and unfamiliar users cannot identify controls.,"Add accessible names, titles/tooltips, and consistent icon+label semantics.",Automated name/role checks pass and a screen reader announces every control distinctly.,Sequence editor transport/action button JSX,https://github.com/tj1784/Premiere316_AI_Director_Prototype_v2.0.0/commit/17234f7bcc9687d12afa23fbb88c6eff5be7e2a9,Frontend + Accessibility QA,G4 — Accessibility & release gates,M,,UAT-A11Y-002,In Progress,30,,,Existing 74-item source audit,Implemented 2026-08-22: Play/import/take controls named; many glyphs remain
A11Y-007,A11Y-007,Accessibility / Contrast,P2,Conditional,Accessibility,Requires rendered measurement,Yes,No,Run rendered WCAG contrast checks and adjust semantic tokens,"Muted small text and dense dark-theme controls appear at risk of insufficient contrast. Status, metadata, and disabled/enabled distinctions may be hard to perceive.",Run rendered WCAG contrast checks and adjust semantic tokens.,Text and control boundaries meet the chosen WCAG AA targets.,Static style review; live color sampling not available,https://github.com/tj1784/Premiere316_AI_Director_Prototype_v2.0.0/commit/17234f7bcc9687d12afa23fbb88c6eff5be7e2a9,Frontend + Accessibility QA,G4 — Accessibility & release gates,M,,UAT-A11Y-005,Not Started,0,,,Existing 74-item source audit,
A11Y-013,A11Y-013,Accessibility / Forced Colors,P2,Conditional,Accessibility,Missing execution evidence,Yes,Yes,Add forced-colors-safe borders/text/icons and validate that state never relies on color alone,"High-contrast and forced-colors behavior is not explicitly validated for active take, selected clip, mute, lock, error, loaded workflow, and drop-target states. Color-heavy dense states can collapse into indistinguishable controls.",Add forced-colors-safe borders/text/icons and validate that state never relies on color alone.,Every critical state remains distinct in Windows High Contrast/forced-colors with visible focus and readable labels.,Dark-theme styles and new QA plan,https://github.com/tj1784/Premiere316_AI_Director_Prototype_v2.0.0/commit/17234f7bcc9687d12afa23fbb88c6eff5be7e2a9,Frontend + Accessibility QA,G4 — Accessibility & release gates,M,,UAT-A11Y-008,Not Started,0,,,User QA plan,
A11Y-004,A11Y-004,Accessibility / Readability,P2,Conditional,Accessibility,Confirmed typography weakness,Yes,No,Raise essential UI text and preserve hierarchy through weight/spacing rather than extreme size reduction,Important status/context text is rendered around 8–10 px. Legibility is poor on common Windows scaling and dense production displays.,Raise essential UI text and preserve hierarchy through weight/spacing rather than extreme size reduction.,"All functional text is readable at 100%, 125%, and 150% scaling.",Sequence inline styles and Comfy toolbar CSS,https://github.com/tj1784/Premiere316_AI_Director_Prototype_v2.0.0/commit/17234f7bcc9687d12afa23fbb88c6eff5be7e2a9,Frontend + Accessibility QA,G4 — Accessibility & release gates,M,,"UAT-RESP-001,UAT-RESP-002,UAT-RESP-003",Not Started,0,,,Existing 74-item source audit,
A11Y-006,A11Y-006,Accessibility / Status,P2,Conditional,Accessibility,Confirmed feedback gap,Yes,No,Add polite progress updates and assertive failure announcements without chatter,Import scanning/progress and playback buffering are not exposed through a consistent live-region status model. Screen-reader users receive little or no operational feedback.,Add polite progress updates and assertive failure announcements without chatter.,"A screen reader can follow start, progress, completion, and failure.",Folder import and playback state rendering,https://github.com/tj1784/Premiere316_AI_Director_Prototype_v2.0.0/commit/17234f7bcc9687d12afa23fbb88c6eff5be7e2a9,Frontend + Accessibility QA,G4 — Accessibility & release gates,M,"SEQ-PLAY-003,IMP-004,COMFY-005",UAT-A11Y-003,In Progress,40,,,Existing 74-item source audit,Implemented 2026-08-22: Import and buffering live regions
A11Y-002,A11Y-002,Accessibility / Timeline,P2,Conditional,Accessibility,Confirmed keyboard gap,Yes,No,Add keyboard trim/nudge/reorder commands and announce values,Clip reorder and trim handles are pointer-centric with no equivalent keyboard operation or ARIA value semantics. Keyboard-only users cannot complete core edits.,Add keyboard trim/nudge/reorder commands and announce values.,The entire edit can be completed without a pointer.,Sequence timeline pointer handlers,https://github.com/tj1784/Premiere316_AI_Director_Prototype_v2.0.0/commit/17234f7bcc9687d12afa23fbb88c6eff5be7e2a9,Frontend + Accessibility QA,G4 — Accessibility & release gates,L,,UAT-A11Y-001,Not Started,0,,,Existing 74-item source audit,
A11Y-003,A11Y-003,Accessibility / Touch Targets,P2,Conditional,Accessibility,Confirmed sizing weakness,Yes,No,"Increase hit areas to at least 40–44 px where practical, without necessarily enlarging the icon","Multiple controls are approximately 16–28 px and fall below comfortable target dimensions. Mis-click risk rises, especially at high DPI or for motor impairments.","Increase hit areas to at least 40–44 px where practical, without necessarily enlarging the icon.",Primary controls meet the project target-size standard.,Sequence editor inline dimensions and Comfy toolbar styles,https://github.com/tj1784/Premiere316_AI_Director_Prototype_v2.0.0/commit/17234f7bcc9687d12afa23fbb88c6eff5be7e2a9,Frontend + Accessibility QA,G4 — Accessibility & release gates,M,,UAT-A11Y-004,Not Started,0,,,Existing 74-item source audit,
A11Y-011,A11Y-011,Accessibility / Zoom and Reflow,P2,Conditional,Accessibility,Missing WCAG execution evidence,Yes,Yes,"Add 200% and 400% zoom/reflow cases, eliminate clipped essential controls, and provide a compact/stacked editor mode where necessary","The prior matrix stops at common Windows scaling and does not explicitly require 400% browser zoom/reflow. Tiny text, fixed minima, and nested scroll regions can become unusable at high magnification.","Add 200% and 400% zoom/reflow cases, eliminate clipped essential controls, and provide a compact/stacked editor mode where necessary.","At 400% zoom, core tasks remain reachable without two-dimensional page scrolling beyond intrinsically spatial timeline content.",Static layout review and new QA plan,https://github.com/tj1784/Premiere316_AI_Director_Prototype_v2.0.0/commit/17234f7bcc9687d12afa23fbb88c6eff5be7e2a9,Frontend + Accessibility QA,G4 — Accessibility & release gates,L,,UAT-A11Y-006,Not Started,0,,,User QA plan,
PROC-001,PROC-001,Change Management,P2,Conditional,Release / Process,Confirmed scope contamination,Yes,No,"Split product feature, runtime support, and project-data changes into isolated commits/PRs","The feature commit also changes Create Sound, TTS/server areas, and a very large production storyboard file. Review, rollback, bisecting, and regression attribution are harder.","Split product feature, runtime support, and project-data changes into isolated commits/PRs.",Each release change is independently reviewable and revertible.,17234f7 changed-file list and commit statistics,https://github.com/tj1784/Premiere316_AI_Director_Prototype_v2.0.0/commit/17234f7bcc9687d12afa23fbb88c6eff5be7e2a9,Release Engineering,G4 — Accessibility & release gates,L,,UAT-REG-010,Not Started,0,,,Existing 74-item source audit,
COMFY-021,COMFY-021,Comfy Picker / Accessibility,P2,Conditional,Accessibility,Confirmed state-semantics gap,Yes,Yes,"Expose labeled state, aria-describedby relationships, scoped live announcements, and keyboard-safe retry/reload actions backed by the bridge state machine","Selected, loading, loaded, dirty, failed, and queued workflow states are not exposed as a coherent programmatic state model. Screen-reader and keyboard users cannot verify whether the visible selection matches the active canvas or whether an operation completed.","Expose labeled state, aria-describedby relationships, scoped live announcements, and keyboard-safe retry/reload actions backed by the bridge state machine.","Assistive technology announces 'selected X', 'loading X', 'loaded X', dirty state, and failure/recovery without duplicate or overwritten announcements.",client/src/components/ComfyUIWorkspace.tsx — picker/status/iframe state,https://github.com/tj1784/Premiere316_AI_Director_Prototype_v2.0.0/blob/17234f7bcc9687d12afa23fbb88c6eff5be7e2a9/client/src/components/ComfyUIWorkspace.tsx,Frontend + Accessibility QA,G4 — Accessibility & release gates,M,"COMFY-001,COMFY-002",UAT-COMFY-025,Not Started,0,,,User QA plan,
PROC-002,PROC-002,Diagnostics / Remediation,P2,Conditional,Release / Process,Confirmed evidence gap from user statement,Yes,No,"Commit sanitized diagnostics, expected outputs, and idempotent patch/migration scripts in a dedicated tooling location",Diagnostics and patch scripts stayed local and are therefore unavailable for review or reproducible repair. The commit cannot be independently validated against the developer's local evidence/fixes.,"Commit sanitized diagnostics, expected outputs, and idempotent patch/migration scripts in a dedicated tooling location.",Another machine can reproduce the diagnostic result and repair from source.,User release note plus absence from changed files,https://github.com/tj1784/Premiere316_AI_Director_Prototype_v2.0.0/commit/17234f7bcc9687d12afa23fbb88c6eff5be7e2a9,Release Engineering,G4 — Accessibility & release gates,M,,UAT-REG-005,Not Started,0,,,Existing 74-item source audit,
A11Y-008,A11Y-008,Keyboard / Shortcuts,P2,Conditional,Accessibility,Confirmed scope defect,Yes,No,"Scope shortcuts to an active editor region, support command discovery, and honor modal/contenteditable contexts",Space/Delete/S shortcuts are global and largely protected only by input-element checks rather than editor focus/context. Commands can fire while the user is interacting with unrelated non-input controls.,"Scope shortcuts to an active editor region, support command discovery, and honor modal/contenteditable contexts.",No edit command fires outside the focused editor context.,SequenceEditorWorkspace global keydown handler,https://github.com/tj1784/Premiere316_AI_Director_Prototype_v2.0.0/commit/17234f7bcc9687d12afa23fbb88c6eff5be7e2a9,Frontend + Accessibility QA,G4 — Accessibility & release gates,L,,UAT-A11Y-001,Not Started,0,,,Existing 74-item source audit,
QA-003,QA-003,Performance Engineering,P2,Conditional,Performance / Release,Missing release budget,Yes,Yes,Define workstation-specific budgets and collect repeatable traces in CI or a dedicated hardware gate,"No unified performance budget covers sequence startup, scrubbing, cut readiness, folder scan/import, media-bin scrolling, workflow indexing, graph load, memory, and event-loop delay. Performance failures remain subjective and can regress unnoticed.",Define workstation-specific budgets and collect repeatable traces in CI or a dedicated hardware gate.,"Each primary operation has a documented threshold, fixture, measurement method, and release-failing test where feasible.",Current QA artifacts and new exhaustive plan,https://github.com/tj1784/Premiere316_AI_Director_Prototype_v2.0.0/commit/17234f7bcc9687d12afa23fbb88c6eff5be7e2a9,QA Performance + DevOps,G4 — Accessibility & release gates,L,,"UAT-PERF-001,UAT-PERF-002,UAT-PERF-003",Not Started,0,,,User QA plan,
QA-002,QA-002,Release Engineering / Platform Support,P2,Conditional,Release / Product Decision,Missing support policy,Yes,Yes,Define the supported matrix and automate the primary combinations; list unsupported browsers/OSs in-product rather than implying universal support,"There is no published browser/OS support matrix for a local desktop application that depends on folder drag APIs, iframe access, local services, and Windows tooling. Teams can waste effort testing unsupported combinations or ship regressions on the actual supported workstation.",Define the supported matrix and automate the primary combinations; list unsupported browsers/OSs in-product rather than implying universal support.,Release documentation names supported OS/browser versions and every required combination has a passing smoke suite.,Repository/runtime architecture and new QA plan,https://github.com/tj1784/Premiere316_AI_Director_Prototype_v2.0.0/commit/17234f7bcc9687d12afa23fbb88c6eff5be7e2a9,Product + QA + DevOps,G4 — Accessibility & release gates,M,,UAT-REG-011,Not Started,0,,,User QA plan,
PROC-004,PROC-004,Repository Hygiene,P2,Conditional,Release / Process,Confirmed repository risk,Yes,No,Move generated/operational project state to appropriate storage or normalize/split it,"A very large mutable storyboard JSON is included in the same feature commit. Merge conflicts, repository growth, accidental state rollback, and noisy diffs increase.",Move generated/operational project state to appropriate storage or normalize/split it.,Feature code review is not dominated by generated production data.,Commit tree/changed-file metadata,https://github.com/tj1784/Premiere316_AI_Director_Prototype_v2.0.0/commit/17234f7bcc9687d12afa23fbb88c6eff5be7e2a9,Repo Maintainer + Release,G4 — Accessibility & release gates,L,,UAT-REG-007,Not Started,0,,,Existing 74-item source audit,
A11Y-005,A11Y-005,Responsive Layout,P2,Conditional,Accessibility,Confirmed layout constraint; visual impact needs runtime validation,Yes,No,Create responsive density breakpoints and low-height layouts; avoid requiring viewport-wide horizontal scrolling,"The application and sequence workspace enforce large minimum widths, while dense fixed-height regions are likely to fail on 1366×768/1440×900 and split-screen. Horizontal overflow, clipped controls, and excessive nested scrolling are likely.",Create responsive density breakpoints and low-height layouts; avoid requiring viewport-wide horizontal scrolling.,"Core workflows pass at 1366×768, 1440×900, 1920×1080, 4K, and Windows 150% scaling.",global styles min-width and SequenceEditorWorkspace minWidth/fixed regions,https://github.com/tj1784/Premiere316_AI_Director_Prototype_v2.0.0/commit/17234f7bcc9687d12afa23fbb88c6eff5be7e2a9,Frontend + Accessibility QA,G4 — Accessibility & release gates,L,,"UAT-RESP-001,UAT-RESP-002,UAT-RESP-003,UAT-RESP-004",Not Started,0,,,Existing 74-item source audit,
SEQ-PERF-001,SEQ-PERF-001,Sequence / Performance,P2,Conditional,Performance / Test,Missing performance budget,Yes,Yes,"Define measurable budgets for seek latency, scrub response, cut readiness, dropped frames, CPU, decoder count, and memory, then gate representative fixtures","No published latency, dropped-frame, memory, or responsiveness budget exists for continuous scrubbing and long high-resolution edits. Performance regressions cannot be distinguished from acceptable preview limitations.","Define measurable budgets for seek latency, scrub response, cut readiness, dropped frames, CPU, decoder count, and memory, then gate representative fixtures.",The agreed workstation fixtures meet budgets and failures produce reproducible performance traces.,Release criteria and test inventory,https://github.com/tj1784/Premiere316_AI_Director_Prototype_v2.0.0/commit/17234f7bcc9687d12afa23fbb88c6eff5be7e2a9,QA Performance + Media Engine,G4 — Accessibility & release gates,L,,UAT-PERF-001,Not Started,0,,,User QA plan,
SEQ-STATE-001,SEQ-STATE-001,Sequence / State Boundaries,P2,Conditional,Test / Reliability,Test/specification gap,Yes,Yes,"Create boundary fixtures and define control states, timecode behavior, saving, playback, and export expectations at each limit","Behavior is not explicitly specified or behaviorally tested for an empty edit, a one-frame clip, maximum-duration edits, and sequences near configured item limits. Boundary conditions can produce disabled controls, invalid step values, overflow, or export/preview disagreement.","Create boundary fixtures and define control states, timecode behavior, saving, playback, and export expectations at each limit.","Every supported boundary opens, edits, saves, plays or explains why it cannot, and exports without inconsistent duration or control state.",Sequence limits and current behavioral test inventory,https://github.com/tj1784/Premiere316_AI_Director_Prototype_v2.0.0/commit/17234f7bcc9687d12afa23fbb88c6eff5be7e2a9,QA Automation + Media Engine,G4 — Accessibility & release gates,M,,UAT-PLAY-021,Not Started,0,,,User QA plan,
PROC-005,PROC-005,Test Coverage,P2,Conditional,QA / Release,Confirmed gap,Yes,No,"Land tests with each feature, not as a later patch",No tests were added for the advertised interactions in this commit. The new behavior has no regression lock.,"Land tests with each feature, not as a later patch.",Every blocker and primary happy path has an automated regression test.,17234f7 changed-file list,https://github.com/tj1784/Premiere316_AI_Director_Prototype_v2.0.0/commit/17234f7bcc9687d12afa23fbb88c6eff5be7e2a9,Release Engineering,G4 — Accessibility & release gates,M,QA-001,UAT-REG-002,In Progress,50,,,Existing 74-item source audit,Implemented 2026-08-22: Gate 1 tests landed with the feature
A11Y-009,A11Y-009,Accessibility / Dynamic Content,P3,No,Accessibility,High-confidence usability risk,Yes,No,Preserve stable focus/selection and announce meaningful changes,Periodic refresh/filter changes can reorder content without preserving focus or announcing the update. Keyboard and screen-reader users can lose their place.,Preserve stable focus/selection and announce meaningful changes.,Refresh does not move focus or silently change the active item.,Sequence media refresh and list rendering,https://github.com/tj1784/Premiere316_AI_Director_Prototype_v2.0.0/commit/17234f7bcc9687d12afa23fbb88c6eff5be7e2a9,Frontend + Accessibility QA,G4 — Accessibility & release gates,S,,"UAT-A11Y-001,UAT-REG-009",Not Started,0,,,Existing 74-item source audit,
A11Y-012,A11Y-012,Accessibility / Motion,P3,No,Accessibility / Polish,Missing preference handling,Yes,Yes,Respect prefers-reduced-motion for nonessential transitions while preserving immediate state changes and playback comprehension,"Reduced-motion behavior is not defined or tested for playhead effects, panel transitions, coach marks, and micro-interactions. Motion-sensitive users can receive unnecessary animation, while disabling motion carelessly could remove state feedback.",Respect prefers-reduced-motion for nonessential transitions while preserving immediate state changes and playback comprehension.,"Reduced-motion mode removes decorative motion, keeps all information available, and passes the same functional tests.",Current CSS/interaction review and new QA plan,https://github.com/tj1784/Premiere316_AI_Director_Prototype_v2.0.0/commit/17234f7bcc9687d12afa23fbb88c6eff5be7e2a9,Frontend + UX,G4 — Accessibility & release gates,S,,UAT-A11Y-007,Not Started,0,,,User QA plan,
A11Y-010,A11Y-010,Sequence / Audio UI,P3,No,Accessibility,Visual truthfulness weakness,Yes,No,Render real waveform data or use a neutral clip texture,Waveform-like bars are decorative rather than derived from audio. The UI implies information it does not actually convey.,Render real waveform data or use a neutral clip texture.,Visual amplitude corresponds to the source or is clearly non-informational.,Sequence audio clip rendering,https://github.com/tj1784/Premiere316_AI_Director_Prototype_v2.0.0/commit/17234f7bcc9687d12afa23fbb88c6eff5be7e2a9,Frontend + Accessibility QA,G4 — Accessibility & release gates,S,,UAT-PLAY-014,Not Started,0,,,Existing 74-item source audit,
PROC-003,PROC-003,Source Integrity,P3,No,Release / Process,Confirmed process note,Yes,No,Sign protected release commits/tags if provenance is a project requirement,The commit is unsigned. Provenance is weaker than a verified release workflow.,Sign protected release commits/tags if provenance is a project requirement.,Release tag/commit is verified.,GitHub commit verification metadata,https://github.com/tj1784/Premiere316_AI_Director_Prototype_v2.0.0/commit/17234f7bcc9687d12afa23fbb88c6eff5be7e2a9,Repo Maintainer + Release,G4 — Accessibility & release gates,S,,UAT-REG-010,Not Started,0,,,Existing 74-item source audit,
QA-004,QA-004,UX Quality Process,P3,No,UX QA,Missing formal review artifact,Yes,Yes,"Run and record a 0–4 heuristic score for Sequence, Folder Drop, and Comfy Picker with evidence, linked tasks, owner, and re-review date","The plan calls for all ten Nielsen heuristics, but the prior deliverables did not include a feature-by-heuristic scoring sheet. Heuristic findings can be discussed inconsistently and are difficult to compare across iterations.","Run and record a 0–4 heuristic score for Sequence, Folder Drop, and Comfy Picker with evidence, linked tasks, owner, and re-review date.",All 30 feature/heuristic cells have evidence and remediation links; scores improve or receive an approved exception.,New QA plan,https://github.com/tj1784/Premiere316_AI_Director_Prototype_v2.0.0/commit/17234f7bcc9687d12afa23fbb88c6eff5be7e2a9,UX Research / QA,G4 — Accessibility & release gates,M,,UAT-HEUR-001,Not Started,0,,,User QA plan,
SCOPE-003,SCOPE-003,Product Scope / Comfy Picker,P2,Conditional,Product Decision,Decision required,Decision,Yes,Name and scope the current feature as Workflow Picker,"The generic Comfy section assumes a gallery-style asset browser with folders, thumbnails, and multi-select, but `17234f7` implements workflow selection for the embedded canvas. The wrong mental model can distort both QA and implementation priorities.",Name and scope the current feature as Workflow Picker. Decide separately whether an Asset Picker/Gallery is required and which data source it owns.,Current release criteria test the workflow picker; a gallery is not silently added or treated as a missing bug without an approved epic.,Current ComfyUIWorkspace versus supplied QA plan,https://github.com/tj1784/Premiere316_AI_Director_Prototype_v2.0.0/commit/17234f7bcc9687d12afa23fbb88c6eff5be7e2a9,Product,Future — Product decisions,S,,UAT-UX-003,Done,100,,,Reconciliation scope correction,"Implemented 2026-08-22: ADR 0001: Workflow Picker, not gallery"
SCOPE-001,SCOPE-001,Product Scope / Platform,P2,Conditional,Product Decision,Decision required,Decision,Yes,"Approve a current release support matrix, recommended as Windows 11 with supported Chromium/Edge versions, then define later expansion epics separately","The generic plan requests desktop, tablet, mobile, Safari, iOS, and Android coverage, while the application is a local workstation product with Windows scripts, local ComfyUI, and desktop-width assumptions. An undefined support boundary either creates impossible release criteria or leaves the actual primary platform under-tested.","Approve a current release support matrix, recommended as Windows 11 with supported Chromium/Edge versions, then define later expansion epics separately.","An ADR/spec lists supported and unsupported platforms, and QA/UX requirements align to it.",Repository/runtime architecture versus generic cross-device matrix,https://github.com/tj1784/Premiere316_AI_Director_Prototype_v2.0.0/commit/17234f7bcc9687d12afa23fbb88c6eff5be7e2a9,Product,Future — Product decisions,S,,UAT-REG-011,Done,100,,,Reconciliation scope correction,Implemented 2026-08-22: ADR 0001: Windows 11 + Chromium/Edge
SCOPE-004,SCOPE-004,Product Scope / Takes,P2,Conditional,Product Decision,Decision required,Decision,Yes,Approve the take domain model and list which operations are required for the next release versus roadmap,"The supplied plan assumes a complete take-management CRUD system, while current takes are generated/imported media records associated with storyboard/sequence context. Without a data-model decision, rename/delete/duplicate/reorder behavior can conflict with active versions and canonical assets.",Approve the take domain model and list which operations are required for the next release versus roadmap.,QA labels only approved operations as defects; the implementation and persistence model match the decision.,Current take/media implementation versus supplied plan,https://github.com/tj1784/Premiere316_AI_Director_Prototype_v2.0.0/commit/17234f7bcc9687d12afa23fbb88c6eff5be7e2a9,Product + Architecture,Future — Product decisions,M,TAKE-007,,Done,100,,,Reconciliation scope correction,Implemented 2026-08-22: ADR 0001: take model decision
TAKE-007,TAKE-007,Sequence / Takes,P2,Conditional,Product Decision / Architecture,Product-model gap,Yes,Yes,"Decide and document the take entity model before adding CRUD; define identity, versioning, active status, file lifecycle, and timeline references","The exhaustive plan assumes formal take Create/Rename/Duplicate/Delete/Reorder operations, but the current UI primarily consumes generated/imported media records rather than a dedicated take entity. Implementing ad hoc CRUD against media files could create conflicting concepts of take identity, active version, and canonical source.","Decide and document the take entity model before adding CRUD; define identity, versioning, active status, file lifecycle, and timeline references.","An approved data model and interaction spec exists; unsupported CRUD is not presented as a current bug, and implemented operations preserve references and undo.",Current sequence media/take model versus proposed QA plan,https://github.com/tj1784/Premiere316_AI_Director_Prototype_v2.0.0/commit/17234f7bcc9687d12afa23fbb88c6eff5be7e2a9,Product + Architecture,Future — Product decisions,L,,"UAT-TAKE-011,UAT-TAKE-012",Done,100,,,User QA plan,Implemented 2026-08-22: ADR 0001: takes remain media records; CRUD deferred
TAKE-009,TAKE-009,Sequence / Takes,P2,Conditional,Product / Recovery,Error-prevention requirement,Yes,Yes,Require soft delete and reference analysis; block or clearly confirm destructive actions; preserve an undo window and repair path,"The proposed destructive take operations have no defined soft-delete, undo, currently-playing, active-take, or timeline-reference policy. Deleting a referenced or playing take could create broken edits or irreversible media loss.",Require soft delete and reference analysis; block or clearly confirm destructive actions; preserve an undo window and repair path.,Deleting an active/referenced/playing take cannot silently break the sequence; undo restores metadata and media where supported.,Proposed take-management scope,https://github.com/tj1784/Premiere316_AI_Director_Prototype_v2.0.0/commit/17234f7bcc9687d12afa23fbb88c6eff5be7e2a9,Product + Full Stack,Future — Product decisions,L,TAKE-007,UAT-TAKE-012,Not Started,0,,,User QA plan,
TAKE-011,TAKE-011,Sequence / Takes,P2,Conditional,Architecture / Reliability,Concurrency requirement,Yes,Yes,Use revisioned/transactional take mutations and provide merge/reload choices that preserve user intent,"Formal take edits would need revision protection beyond the current sequence-save conflict path. Two windows could rename, promote, delete, or reorder the same take and silently lose one set of changes.",Use revisioned/transactional take mutations and provide merge/reload choices that preserve user intent.,Parallel conflicting take operations return a visible conflict and never lose or partially apply data.,Current revision model and proposed take-management scope,https://github.com/tj1784/Premiere316_AI_Director_Prototype_v2.0.0/commit/17234f7bcc9687d12afa23fbb88c6eff5be7e2a9,Backend + Frontend,Future — Product decisions,L,TAKE-007,UAT-TAKE-015,Not Started,0,,,User QA plan,
SCOPE-005,SCOPE-005,Product Scope / External Drag UX,P3,No,Product / Technical Decision,Technical constraint clarification,Decision,Yes,"Limit acceptance to in-app drop-target feedback, destination preview, valid/invalid cursor where supported, and post-drop reporting; customize drag images only for drags initiated inside the app","The plan asks for a fully controlled drag ghost for folders dragged from Explorer/Finder, but external drag imagery and cursor treatment are substantially controlled by the operating system/browser. The team could spend time chasing a visual behavior the web application cannot reliably own.","Limit acceptance to in-app drop-target feedback, destination preview, valid/invalid cursor where supported, and post-drop reporting; customize drag images only for drags initiated inside the app.",The spec distinguishes controllable in-app feedback from OS-controlled external drag visuals.,Browser drag-and-drop platform behavior,https://github.com/tj1784/Premiere316_AI_Director_Prototype_v2.0.0/commit/17234f7bcc9687d12afa23fbb88c6eff5be7e2a9,Product + Frontend,Future — Product decisions,S,,UAT-DROP-021,Done,100,,,Reconciliation scope correction,Implemented 2026-08-22: ADR 0001: OS-owned external drag visuals
SCOPE-002,SCOPE-002,Product Scope / Theme,P3,No,Product Decision,Decision required,Decision,Yes,Decide whether light mode is a roadmap feature,"The plan requires dark/light parity, but the product currently declares a dark color scheme. Treating light mode as a current defect would expand the release substantially; ignoring forced colors would still leave an accessibility gap.",Decide whether light mode is a roadmap feature. Keep forced-colors/high-contrast support in the current accessibility gate regardless.,"Theme scope is documented; current release passes dark and forced-colors requirements, and light mode is either implemented or separately scheduled.",client/src/styles.css color-scheme and generic QA plan,https://github.com/tj1784/Premiere316_AI_Director_Prototype_v2.0.0/blob/17234f7bcc9687d12afa23fbb88c6eff5be7e2a9/client/src/styles.css,Product + UX,Future — Product decisions,S,A11Y-013,,Done,100,,,Reconciliation scope correction,Implemented 2026-08-22: ADR 0001: dark-only; forced-colors still required
SEQ-PLAY-016,SEQ-PLAY-016,Sequence / Time Display,P3,No,UX / Product Decision,Information-design gap,Yes,Yes,"Consolidate time display options and define a constant-timeline-FPS policy for VFR sources, including normalization/proxy behavior","The interface does not offer a consolidated current/total/remaining time display or an explicit policy for variable-frame-rate media. Reviewers must infer duration from separate regions, and VFR sources can undermine frame-based expectations.","Consolidate time display options and define a constant-timeline-FPS policy for VFR sources, including normalization/proxy behavior.","Current, total, and optional remaining values remain consistent after seeks, trims, and source replacement; VFR handling is documented.",Sequence header and program transport time displays,https://github.com/tj1784/Premiere316_AI_Director_Prototype_v2.0.0/commit/17234f7bcc9687d12afa23fbb88c6eff5be7e2a9,Product + Media Engine,Future — Product decisions,M,,UAT-PLAY-021,Not Started,0,,,User QA plan,
SEQ-MARK-001,SEQ-MARK-001,Sequence / Timeline,P3,No,Enhancement / UX Redesign,Future editing capability,Yes,Yes,Define marker types and add them through a context menu or compact advanced-tools container rather than permanent toolbar chrome,"The sequence editor has no marker, chapter marker, or persistent review-note timeline model. Review feedback and repeated navigation must be managed outside the editor.",Define marker types and add them through a context menu or compact advanced-tools container rather than permanent toolbar chrome.,"Markers can be created, renamed, moved, searched, deleted, undone, and navigated by keyboard without obscuring the main playback surface.",Sequence timeline feature set,https://github.com/tj1784/Premiere316_AI_Director_Prototype_v2.0.0/commit/17234f7bcc9687d12afa23fbb88c6eff5be7e2a9,Product + Frontend,Future — Product decisions,L,,UAT-PLAY-020,Not Started,0,,,User QA plan,
SEQ-PLAY-013,SEQ-PLAY-013,Sequence / Transport,P3,No,Product Decision / Enhancement,Product/interaction gap,Yes,Yes,Define transport semantics and expose accessible labeled Stop/Restart behavior only if it materially differs from Pause/Go to start,"Transport semantics are limited to play/pause, jump-to-start, and frame-step; there is no explicit Stop state or clearly labeled Restart command. Users coming from editing tools may not know whether pause preserves position, whether the start icon restarts, or how to stop all audition audio.",Define transport semantics and expose accessible labeled Stop/Restart behavior only if it materially differs from Pause/Go to start.,"The transport model is documented, labels match behavior, all media stops deterministically, and no redundant control is added without purpose.",Sequence program transport UI,https://github.com/tj1784/Premiere316_AI_Director_Prototype_v2.0.0/commit/17234f7bcc9687d12afa23fbb88c6eff5be7e2a9,Product + UX,Future — Product decisions,S,,UAT-PLAY-016,Not Started,0,,,User QA plan,
SEQ-PLAY-014,SEQ-PLAY-014,Sequence / Transport,P3,No,Enhancement / Product Decision,Future capability,Yes,Yes,Decide whether editorial preview supports 0,"There is no playback-speed control or documented decision to remain fixed at 1×. Power users cannot review timing at slow or accelerated rates, but adding speed without pitch/sync policy could create misleading review.","Decide whether editorial preview supports 0.25×–2×, then implement with pitch policy, keyboard shortcuts, clear state, and persistence.",Supported speeds keep audio/picture synchronized and the chosen rate is always visible; unsupported rates are absent rather than implied.,Sequence transport capability set,https://github.com/tj1784/Premiere316_AI_Director_Prototype_v2.0.0/commit/17234f7bcc9687d12afa23fbb88c6eff5be7e2a9,Product + Media Engine,Future — Product decisions,L,,UAT-PLAY-017,Not Started,0,,,User QA plan,
